agecat_1,month_1,deaths,PYO,year,month,y_bloc
0,0,5,32.2,2003,1,2003-06
0,1,12,39.22,2003,2,2003-06
0,2,6,45.85,2003,3,2003-06
0,3,14,50.51,2003,4,2003-06
0,4,10,46.38,2003,5,2003-06
0,5,10,47.9,2003,6,2003-06
0,6,9,51.02,2003,7,2003-06
0,7,16,45.42,2003,8,2003-06
0,8,6,47.66,2003,9,2003-06
0,9,7,42.74,2003,10,2003-06
0,10,13,38.91,2003,11,2003-06
0,11,15,39.78,2003,12,2003-06
0,12,14,39.61,2004,1,2003-06
0,13,12,41.4,2004,2,2003-06
0,14,29,49.88,2004,3,2003-06
0,15,27,55.44,2004,4,2003-06
0,16,34,55.86,2004,5,2003-06
0,17,21,56.08,2004,6,2003-06
0,18,12,52.03,2004,7,2003-06
0,19,12,47.93,2004,8,2003-06
0,20,21,47.24,2004,9,2003-06
0,21,20,46.71,2004,10,2003-06
0,22,11,40.72,2004,11,2003-06
0,23,19,37.52,2004,12,2003-06
0,24,13,33.39,2005,1,2003-06
0,25,18,39.22,2005,2,2003-06
0,26,30,48.51,2005,3,2003-06
0,27,26,53.13,2005,4,2003-06
0,28,17,59.65,2005,5,2003-06
0,29,18,56.14,2005,6,2003-06
0,30,15,53.03,2005,7,2003-06
0,31,25,51.42,2005,8,2003-06
0,32,22,51.07,2005,9,2003-06
0,33,14,52.83,2005,10,2003-06
0,34,9,50.44,2005,11,2003-06
0,35,16,47.34,2005,12,2003-06
0,36,17,44.36,2006,1,2003-06
0,37,24,46.82,2006,2,2003-06
0,38,19,57.78,2006,3,2003-06
0,39,16,63.44,2006,4,2003-06
0,40,23,62.3,2006,5,2003-06
0,41,15,55.87,2006,6,2003-06
0,42,10,52.42,2006,7,2003-06
0,43,15,53.62,2006,8,2003-06
0,44,9,49.9,2006,9,2003-06
0,45,11,51.21,2006,10,2003-06
0,46,8,44.13,2006,11,2003-06
0,47,19,38.11,2006,12,2003-06
0,48,16,40.51,2007,1,2007-10
0,49,23,42.6,2007,2,2007-10
0,50,11,49.16,2007,3,2007-10
0,51,19,57.92,2007,4,2007-10
0,52,11,58.45,2007,5,2007-10
0,53,6,52.3,2007,6,2007-10
0,54,12,55.08,2007,7,2007-10
0,55,13,52.94,2007,8,2007-10
0,56,8,51.91,2007,9,2007-10
0,57,4,46.87,2007,10,2007-10
0,58,5,41.5,2007,11,2007-10
0,59,6,37.99,2007,12,2007-10
0,60,3,37.44,2008,1,2007-10
0,61,12,41.53,2008,2,2007-10
0,62,24,51.12,2008,3,2007-10
0,63,8,59.43,2008,4,2007-10
0,64,8,60.93,2008,5,2007-10
0,65,9,54.59,2008,6,2007-10
0,66,16,53.38,2008,7,2007-10
0,67,7,52.22,2008,8,2007-10
0,68,5,50.66,2008,9,2007-10
0,69,16,50.88,2008,10,2007-10
0,70,9,44.43,2008,11,2007-10
0,71,2,40.56,2008,12,2007-10
0,72,11,40.21,2009,1,2007-10
0,73,18,51.32,2009,2,2007-10
0,74,13,58.68,2009,3,2007-10
0,75,15,66.39,2009,4,2007-10
0,76,14,56.26,2009,5,2007-10
0,77,10,51.97,2009,6,2007-10
0,78,4,53.73,2009,7,2007-10
0,79,8,49.71,2009,8,2007-10
0,80,6,47.81,2009,9,2007-10
0,81,11,48.68,2009,10,2007-10
0,82,7,43.51,2009,11,2007-10
0,83,4,35.95,2009,12,2007-10
0,84,6,30.74,2010,1,2007-10
0,85,9,39.89,2010,2,2007-10
0,86,15,51.83,2010,3,2007-10
0,87,9,59.28,2010,4,2007-10
0,88,11,65.18,2010,5,2007-10
0,89,18,61.28,2010,6,2007-10
0,90,7,53.16,2010,7,2007-10
0,91,4,54.32,2010,8,2007-10
0,92,11,61.17,2010,9,2007-10
0,93,12,60.33,2010,10,2007-10
0,94,6,58.73,2010,11,2007-10
0,95,6,45.49,2010,12,2007-10
0,96,6,39.97,2011,1,2011-14
0,97,13,47,2011,2,2011-14
0,98,12,57.67,2011,3,2011-14
0,99,8,67.12,2011,4,2011-14
0,100,6,63.17,2011,5,2011-14
0,101,11,61.75,2011,6,2011-14
0,102,7,55.42,2011,7,2011-14
0,103,15,51.27,2011,8,2011-14
0,104,10,53.01,2011,9,2011-14
0,105,6,51.11,2011,10,2011-14
0,106,8,46.8,2011,11,2011-14
0,107,5,44.95,2011,12,2011-14
0,108,6,38.63,2012,1,2011-14
0,109,11,45.91,2012,2,2011-14
0,110,12,54.96,2012,3,2011-14
0,111,17,60.24,2012,4,2011-14
0,112,16,59.23,2012,5,2011-14
0,113,13,54.6,2012,6,2011-14
0,114,10,49.04,2012,7,2011-14
0,115,7,48.77,2012,8,2011-14
0,116,8,47.18,2012,9,2011-14
0,117,8,48.74,2012,10,2011-14
0,118,7,46.36,2012,11,2011-14
0,119,7,42.96,2012,12,2011-14
0,120,7,39.02,2013,1,2011-14
0,121,14,46.54,2013,2,2011-14
0,122,10,57.31,2013,3,2011-14
0,123,10,59.83,2013,4,2011-14
0,124,9,62.28,2013,5,2011-14
0,125,11,59.67,2013,6,2011-14
0,126,16,49.34,2013,7,2011-14
0,127,7,50.71,2013,8,2011-14
0,128,8,49.64,2013,9,2011-14
0,129,8,48.69,2013,10,2011-14
0,130,5,44.01,2013,11,2011-14
0,131,5,46.13,2013,12,2011-14
0,132,10,42.6,2014,1,2011-14
0,133,9,52,2014,2,2011-14
0,134,8,62.35,2014,3,2011-14
0,135,11,64.11,2014,4,2011-14
0,136,10,63.68,2014,5,2011-14
0,137,7,61.95,2014,6,2011-14
0,138,5,57.83,2014,7,2011-14
0,139,7,53.68,2014,8,2011-14
0,140,7,50.15,2014,9,2011-14
0,141,12,49.42,2014,10,2011-14
0,142,8,50.14,2014,11,2011-14
0,143,4,44.34,2014,12,2011-14
0,144,9,38.88,2015,1,2015-18
0,145,11,44.52,2015,2,2015-18
0,146,14,51.17,2015,3,2015-18
0,147,11,53.43,2015,4,2015-18
0,148,10,52.27,2015,5,2015-18
0,149,5,53.25,2015,6,2015-18
0,150,11,51.2,2015,7,2015-18
0,151,6,46.94,2015,8,2015-18
0,152,5,44.93,2015,9,2015-18
0,153,4,43.1,2015,10,2015-18
0,154,10,45.8,2015,11,2015-18
0,155,8,45.93,2015,12,2015-18
0,156,9,42.73,2016,1,2015-18
0,157,8,46.26,2016,2,2015-18
0,158,15,52.37,2016,3,2015-18
0,159,5,51.64,2016,4,2015-18
0,160,10,53.17,2016,5,2015-18
0,161,7,50.07,2016,6,2015-18
0,162,6,44.71,2016,7,2015-18
0,163,9,40.04,2016,8,2015-18
0,164,4,39.92,2016,9,2015-18
0,165,5,41.32,2016,10,2015-18
0,166,11,45.94,2016,11,2015-18
0,167,2,44.83,2016,12,2015-18
0,168,2,37.78,2017,1,2015-18
0,169,6,42.58,2017,2,2015-18
0,170,14,53.48,2017,3,2015-18
0,171,18,58.15,2017,4,2015-18
0,172,15,55.48,2017,5,2015-18
0,173,8,52.13,2017,6,2015-18
0,174,6,49.03,2017,7,2015-18
0,175,3,46.07,2017,8,2015-18
0,176,6,47.47,2017,9,2015-18
0,177,8,46.05,2017,10,2015-18
0,178,5,45.31,2017,11,2015-18
0,179,6,41.52,2017,12,2015-18
0,180,11,38.48,2018,1,2015-18
0,181,10,43.89,2018,2,2015-18
0,182,11,50.99,2018,3,2015-18
0,183,7,50.41,2018,4,2015-18
0,184,9,59.42,2018,5,2015-18
0,185,12,52.89,2018,6,2015-18
0,186,12,52.48,2018,7,2015-18
0,187,4,46.79,2018,8,2015-18
0,188,2,43.85,2018,9,2015-18
0,189,7,46.53,2018,10,2015-18
0,190,5,46.58,2018,11,2015-18
0,191,11,44.78,2018,12,2015-18
0.0767,0,14,463.83,2003,1,2003-06
0.0767,1,15,492.5,2003,2,2003-06
0.0767,2,15,477.17,2003,3,2003-06
0.0767,3,10,497.77,2003,4,2003-06
0.0767,4,7,536.66,2003,5,2003-06
0.0767,5,20,575.42,2003,6,2003-06
0.0767,6,20,600.55,2003,7,2003-06
0.0767,7,17,597.09,2003,8,2003-06
0.0767,8,5,602.76,2003,9,2003-06
0.0767,9,8,613.5,2003,10,2003-06
0.0767,10,6,613.6,2003,11,2003-06
0.0767,11,14,607.16,2003,12,2003-06
0.0767,12,9,602.57,2004,1,2003-06
0.0767,13,12,603.28,2004,2,2003-06
0.0767,14,7,596.99,2004,3,2003-06
0.0767,15,10,583.52,2004,4,2003-06
0.0767,16,20,584.79,2004,5,2003-06
0.0767,17,15,595.33,2004,6,2003-06
0.0767,18,13,606.34,2004,7,2003-06
0.0767,19,18,607.93,2004,8,2003-06
0.0767,20,18,595.98,2004,9,2003-06
0.0767,21,13,601.37,2004,10,2003-06
0.0767,22,9,614.22,2004,11,2003-06
0.0767,23,8,621.09,2004,12,2003-06
0.0767,24,15,616.93,2005,1,2003-06
0.0767,25,7,603.64,2005,2,2003-06
0.0767,26,14,595.87,2005,3,2003-06
0.0767,27,13,587.5,2005,4,2003-06
0.0767,28,13,582.2,2005,5,2003-06
0.0767,29,7,591.08,2005,6,2003-06
0.0767,30,9,589.91,2005,7,2003-06
0.0767,31,6,591.88,2005,8,2003-06
0.0767,32,8,595.62,2005,9,2003-06
0.0767,33,4,605.87,2005,10,2003-06
0.0767,34,5,626.63,2005,11,2003-06
0.0767,35,15,646.25,2005,12,2003-06
0.0767,36,9,656.75,2006,1,2003-06
0.0767,37,7,667.48,2006,2,2003-06
0.0767,38,10,667.97,2006,3,2003-06
0.0767,39,12,673.57,2006,4,2003-06
0.0767,40,11,673.38,2006,5,2003-06
0.0767,41,13,683.4,2006,6,2003-06
0.0767,42,11,686.77,2006,7,2003-06
0.0767,43,14,692.94,2006,8,2003-06
0.0767,44,7,690.93,2006,9,2003-06
0.0767,45,10,679.71,2006,10,2003-06
0.0767,46,10,683.16,2006,11,2003-06
0.0767,47,15,676.53,2006,12,2003-06
0.0767,48,8,666.73,2007,1,2007-10
0.0767,49,10,661.21,2007,2,2007-10
0.0767,50,11,644.64,2007,3,2007-10
0.0767,51,8,627.27,2007,4,2007-10
0.0767,52,10,617.97,2007,5,2007-10
0.0767,53,12,620.22,2007,6,2007-10
0.0767,54,9,614.39,2007,7,2007-10
0.0767,55,6,620.71,2007,8,2007-10
0.0767,56,5,627.01,2007,9,2007-10
0.0767,57,8,630.76,2007,10,2007-10
0.0767,58,11,632.27,2007,11,2007-10
0.0767,59,8,630.2,2007,12,2007-10
0.0767,60,2,621.8,2008,1,2007-10
0.0767,61,10,621.36,2008,2,2007-10
0.0767,62,4,615.78,2008,3,2007-10
0.0767,63,9,613.61,2008,4,2007-10
0.0767,64,5,616.2,2008,5,2007-10
0.0767,65,6,631.02,2008,6,2007-10
0.0767,66,4,643.39,2008,7,2007-10
0.0767,67,3,650.41,2008,8,2007-10
0.0767,68,11,653.75,2008,9,2007-10
0.0767,69,7,649.27,2008,10,2007-10
0.0767,70,6,663.97,2008,11,2007-10
0.0767,71,8,666.93,2008,12,2007-10
0.0767,72,5,661.49,2009,1,2007-10
0.0767,73,6,670.69,2009,2,2007-10
0.0767,74,12,664.53,2009,3,2007-10
0.0767,75,3,658.42,2009,4,2007-10
0.0767,76,6,658.81,2009,5,2007-10
0.0767,77,8,660.3,2009,6,2007-10
0.0767,78,9,664.56,2009,7,2007-10
0.0767,79,9,672.07,2009,8,2007-10
0.0767,80,2,669.06,2009,9,2007-10
0.0767,81,5,667.73,2009,10,2007-10
0.0767,82,8,675.79,2009,11,2007-10
0.0767,83,11,680.48,2009,12,2007-10
0.0767,84,4,660.87,2010,1,2007-10
0.0767,85,7,628.28,2010,2,2007-10
0.0767,86,8,608.56,2010,3,2007-10
0.0767,87,12,590.08,2010,4,2007-10
0.0767,88,6,598.21,2010,5,2007-10
0.0767,89,13,607.13,2010,6,2007-10
0.0767,90,6,617.27,2010,7,2007-10
0.0767,91,7,625.52,2010,8,2007-10
0.0767,92,7,634.19,2010,9,2007-10
0.0767,93,11,643.73,2010,10,2007-10
0.0767,94,7,660.6,2010,11,2007-10
0.0767,95,13,688.53,2010,12,2007-10
0.0767,96,7,694.24,2011,1,2011-14
0.0767,97,6,690.26,2011,2,2011-14
0.0767,98,3,683.05,2011,3,2011-14
0.0767,99,8,685.61,2011,4,2011-14
0.0767,100,6,691.03,2011,5,2011-14
0.0767,101,11,690.51,2011,6,2011-14
0.0767,102,7,701.1,2011,7,2011-14
0.0767,103,4,704.03,2011,8,2011-14
0.0767,104,2,695.19,2011,9,2011-14
0.0767,105,5,690.14,2011,10,2011-14
0.0767,106,12,685.16,2011,11,2011-14
0.0767,107,9,684.11,2011,12,2011-14
0.0767,108,3,684.32,2012,1,2011-14
0.0767,109,11,674.9,2012,2,2011-14
0.0767,110,9,667.01,2012,3,2011-14
0.0767,111,9,658.21,2012,4,2011-14
0.0767,112,9,651.89,2012,5,2011-14
0.0767,113,5,650.76,2012,6,2011-14
0.0767,114,8,652.94,2012,7,2011-14
0.0767,115,6,652.21,2012,8,2011-14
0.0767,116,5,642.82,2012,9,2011-14
0.0767,117,3,638.43,2012,10,2011-14
0.0767,118,11,643.32,2012,11,2011-14
0.0767,119,7,639.8,2012,12,2011-14
0.0767,120,5,631.55,2013,1,2011-14
0.0767,121,4,626.54,2013,2,2011-14
0.0767,122,5,614.82,2013,3,2011-14
0.0767,123,6,620.13,2013,4,2011-14
0.0767,124,5,620.77,2013,5,2011-14
0.0767,125,8,625.83,2013,6,2011-14
0.0767,126,4,638.06,2013,7,2011-14
0.0767,127,6,640.96,2013,8,2011-14
0.0767,128,4,651.55,2013,9,2011-14
0.0767,129,4,653.09,2013,10,2011-14
0.0767,130,10,658.94,2013,11,2011-14
0.0767,131,6,653.94,2013,12,2011-14
0.0767,132,7,655.22,2014,1,2011-14
0.0767,133,9,656.97,2014,2,2011-14
0.0767,134,7,655.19,2014,3,2011-14
0.0767,135,7,661.75,2014,4,2011-14
0.0767,136,9,662.45,2014,5,2011-14
0.0767,137,8,662.83,2014,6,2011-14
0.0767,138,9,674.66,2014,7,2011-14
0.0767,139,8,678.86,2014,8,2011-14
0.0767,140,10,688.55,2014,9,2011-14
0.0767,141,8,689.2,2014,10,2011-14
0.0767,142,2,698.11,2014,11,2011-14
0.0767,143,6,695.98,2014,12,2011-14
0.0767,144,1,691.28,2015,1,2015-18
0.0767,145,4,678.46,2015,2,2015-18
0.0767,146,5,661.85,2015,3,2015-18
0.0767,147,6,654.46,2015,4,2015-18
0.0767,148,2,648.04,2015,5,2015-18
0.0767,149,7,631.41,2015,6,2015-18
0.0767,150,5,622,2015,7,2015-18
0.0767,151,7,625.46,2015,8,2015-18
0.0767,152,6,626.82,2015,9,2015-18
0.0767,153,3,626.98,2015,10,2015-18
0.0767,154,5,608.44,2015,11,2015-18
0.0767,155,9,601.21,2015,12,2015-18
0.0767,156,8,601.07,2016,1,2015-18
0.0767,157,7,600.88,2016,2,2015-18
0.0767,158,5,601.55,2016,3,2015-18
0.0767,159,5,603.44,2016,4,2015-18
0.0767,160,5,599.73,2016,5,2015-18
0.0767,161,1,606.91,2016,6,2015-18
0.0767,162,4,610.88,2016,7,2015-18
0.0767,163,4,616.83,2016,8,2015-18
0.0767,164,5,613.23,2016,9,2015-18
0.0767,165,3,612.54,2016,10,2015-18
0.0767,166,6,607.57,2016,11,2015-18
0.0767,167,4,610.49,2016,12,2015-18
0.0767,168,5,598.9,2017,1,2015-18
0.0767,169,7,582.47,2017,2,2015-18
0.0767,170,7,578.72,2017,3,2015-18
0.0767,171,5,582.14,2017,4,2015-18
0.0767,172,4,585.47,2017,5,2015-18
0.0767,173,9,602.95,2017,6,2015-18
0.0767,174,7,613.19,2017,7,2015-18
0.0767,175,3,619.98,2017,8,2015-18
0.0767,176,1,640.23,2017,9,2015-18
0.0767,177,7,657.08,2017,10,2015-18
0.0767,178,3,659.47,2017,11,2015-18
0.0767,179,5,653.5,2017,12,2015-18
0.0767,180,4,640.62,2018,1,2015-18
0.0767,181,5,644.17,2018,2,2015-18
0.0767,182,8,629.33,2018,3,2015-18
0.0767,183,6,622.55,2018,4,2015-18
0.0767,184,6,611.48,2018,5,2015-18
0.0767,185,6,622.67,2018,6,2015-18
0.0767,186,8,627.82,2018,7,2015-18
0.0767,187,1,636.87,2018,8,2015-18
0.0767,188,4,630.71,2018,9,2015-18
0.0767,189,7,632.22,2018,10,2015-18
0.0767,190,6,638.43,2018,11,2015-18
0.0767,191,4,640.13,2018,12,2015-18
1,0,17,2376.36,2003,1,2003-06
1,1,25,2418.26,2003,2,2003-06
1,2,10,2398.12,2003,3,2003-06
1,3,13,2407.53,2003,4,2003-06
1,4,25,2446.33,2003,5,2003-06
1,5,33,2491.01,2003,6,2003-06
1,6,41,2525.13,2003,7,2003-06
1,7,35,2512.17,2003,8,2003-06
1,8,19,2549.48,2003,9,2003-06
1,9,21,2585.76,2003,10,2003-06
1,10,17,2626.41,2003,11,2003-06
1,11,14,2636.64,2003,12,2003-06
1,12,15,2621.76,2004,1,2003-06
1,13,18,2632.6,2004,2,2003-06
1,14,13,2647.47,2004,3,2003-06
1,15,10,2633.86,2004,4,2003-06
1,16,20,2624.17,2004,5,2003-06
1,17,26,2645.21,2004,6,2003-06
1,18,18,2671.33,2004,7,2003-06
1,19,19,2663,2004,8,2003-06
1,20,17,2634.82,2004,9,2003-06
1,21,18,2643.9,2004,10,2003-06
1,22,11,2657.27,2004,11,2003-06
1,23,12,2661.42,2004,12,2003-06
1,24,15,2655.89,2005,1,2003-06
1,25,11,2637.5,2005,2,2003-06
1,26,12,2654.53,2005,3,2003-06
1,27,15,2670.22,2005,4,2003-06
1,28,10,2680.91,2005,5,2003-06
1,29,16,2703.96,2005,6,2003-06
1,30,11,2692.65,2005,7,2003-06
1,31,11,2677.5,2005,8,2003-06
1,32,8,2666.62,2005,9,2003-06
1,33,13,2677.15,2005,10,2003-06
1,34,8,2684.74,2005,11,2003-06
1,35,11,2687.18,2005,12,2003-06
1,36,14,2659.92,2006,1,2003-06
1,37,5,2670.14,2006,2,2003-06
1,38,6,2671.96,2006,3,2003-06
1,39,9,2690.32,2006,4,2003-06
1,40,21,2701.62,2006,5,2003-06
1,41,19,2721.55,2006,6,2003-06
1,42,17,2734.65,2006,7,2003-06
1,43,18,2768.33,2006,8,2003-06
1,44,11,2778.3,2006,9,2003-06
1,45,10,2779.7,2006,10,2003-06
1,46,7,2800.95,2006,11,2003-06
1,47,17,2804.92,2006,12,2003-06
1,48,13,2797.26,2007,1,2007-10
1,49,7,2797.53,2007,2,2007-10
1,50,14,2796.43,2007,3,2007-10
1,51,3,2795.74,2007,4,2007-10
1,52,15,2807.89,2007,5,2007-10
1,53,5,2823.37,2007,6,2007-10
1,54,11,2810.52,2007,7,2007-10
1,55,11,2817.85,2007,8,2007-10
1,56,9,2819.53,2007,9,2007-10
1,57,8,2832.77,2007,10,2007-10
1,58,4,2830.96,2007,11,2007-10
1,59,9,2799.59,2007,12,2007-10
1,60,7,2762.17,2008,1,2007-10
1,61,4,2750.04,2008,2,2007-10
1,62,9,2737.89,2008,3,2007-10
1,63,8,2741.86,2008,4,2007-10
1,64,10,2754.56,2008,5,2007-10
1,65,6,2777.35,2008,6,2007-10
1,66,12,2804.13,2008,7,2007-10
1,67,14,2827.12,2008,8,2007-10
1,68,6,2850.52,2008,9,2007-10
1,69,7,2851.18,2008,10,2007-10
1,70,8,2863.7,2008,11,2007-10
1,71,7,2849.73,2008,12,2007-10
1,72,6,2811.53,2009,1,2007-10
1,73,2,2821.09,2009,2,2007-10
1,74,8,2819.01,2009,3,2007-10
1,75,7,2821.8,2009,4,2007-10
1,76,6,2835.33,2009,5,2007-10
1,77,13,2839.6,2009,6,2007-10
1,78,16,2861.38,2009,7,2007-10
1,79,9,2903.04,2009,8,2007-10
1,80,8,2919.06,2009,9,2007-10
1,81,8,2943.4,2009,10,2007-10
1,82,10,2974.18,2009,11,2007-10
1,83,9,2997.17,2009,12,2007-10
1,84,6,2966.6,2010,1,2007-10
1,85,3,2950.4,2010,2,2007-10
1,86,9,2972.92,2010,3,2007-10
1,87,12,2981.62,2010,4,2007-10
1,88,9,2993.85,2010,5,2007-10
1,89,14,2984.4,2010,6,2007-10
1,90,13,3004.27,2010,7,2007-10
1,91,9,3024.74,2010,8,2007-10
1,92,5,3044.17,2010,9,2007-10
1,93,5,3038.97,2010,10,2007-10
1,94,5,3038.43,2010,11,2007-10
1,95,8,3025.12,2010,12,2007-10
1,96,4,2974.43,2011,1,2011-14
1,97,8,2947.21,2011,2,2011-14
1,98,9,2932.83,2011,3,2011-14
1,99,4,2935.26,2011,4,2011-14
1,100,10,2940.18,2011,5,2011-14
1,101,10,2947.5,2011,6,2011-14
1,102,8,2960.1,2011,7,2011-14
1,103,7,2969.89,2011,8,2011-14
1,104,2,2985.88,2011,9,2011-14
1,105,8,2994.81,2011,10,2011-14
1,106,13,3017.8,2011,11,2011-14
1,107,12,3023.15,2011,12,2011-14
1,108,5,2999.51,2012,1,2011-14
1,109,8,2994.32,2012,2,2011-14
1,110,13,3016.32,2012,3,2011-14
1,111,5,3034.66,2012,4,2011-14
1,112,4,3034.4,2012,5,2011-14
1,113,10,3054.55,2012,6,2011-14
1,114,12,3060.25,2012,7,2011-14
1,115,3,3070.35,2012,8,2011-14
1,116,9,3055.57,2012,9,2011-14
1,117,9,3037.7,2012,10,2011-14
1,118,4,3033.34,2012,11,2011-14
1,119,12,3033.99,2012,12,2011-14
1,120,12,3009.65,2013,1,2011-14
1,121,5,3008.99,2013,2,2011-14
1,122,9,2993.8,2013,3,2011-14
1,123,7,3005.66,2013,4,2011-14
1,124,5,2998.43,2013,5,2011-14
1,125,3,2988.5,2013,6,2011-14
1,126,5,2970.03,2013,7,2011-14
1,127,9,2952.92,2013,8,2011-14
1,128,4,2962.07,2013,9,2011-14
1,129,5,2966.18,2013,10,2011-14
1,130,11,2980,2013,11,2011-14
1,131,9,2966.07,2013,12,2011-14
1,132,8,2927.04,2014,1,2011-14
1,133,6,2927.42,2014,2,2011-14
1,134,4,2928.52,2014,3,2011-14
1,135,9,2922.42,2014,4,2011-14
1,136,10,2937.54,2014,5,2011-14
1,137,9,2931.62,2014,6,2011-14
1,138,16,2929.27,2014,7,2011-14
1,139,9,2923.31,2014,8,2011-14
1,140,10,2933.71,2014,9,2011-14
1,141,2,2932.88,2014,10,2011-14
1,142,6,2945.24,2014,11,2011-14
1,143,10,2936.54,2014,12,2011-14
1,144,7,2922.93,2015,1,2015-18
1,145,6,2920.52,2015,2,2015-18
1,146,11,2913.67,2015,3,2015-18
1,147,6,2931.59,2015,4,2015-18
1,148,4,2945.44,2015,5,2015-18
1,149,12,2944.05,2015,6,2015-18
1,150,7,2929.9,2015,7,2015-18
1,151,13,2935.18,2015,8,2015-18
1,152,4,2942.37,2015,9,2015-18
1,153,8,2956.59,2015,10,2015-18
1,154,7,2924.76,2015,11,2015-18
1,155,4,2894.86,2015,12,2015-18
1,156,6,2859.47,2016,1,2015-18
1,157,4,2852.81,2016,2,2015-18
1,158,3,2858.95,2016,3,2015-18
1,159,2,2850.9,2016,4,2015-18
1,160,6,2814.97,2016,5,2015-18
1,161,8,2808.43,2016,6,2015-18
1,162,2,2801.73,2016,7,2015-18
1,163,5,2817.62,2016,8,2015-18
1,164,4,2811.46,2016,9,2015-18
1,165,3,2784.09,2016,10,2015-18
1,166,7,2736.37,2016,11,2015-18
1,167,4,2739.36,2016,12,2015-18
1,168,3,2719.75,2017,1,2015-18
1,169,7,2729.81,2017,2,2015-18
1,170,5,2771.22,2017,3,2015-18
1,171,4,2783.78,2017,4,2015-18
1,172,9,2785.71,2017,5,2015-18
1,173,3,2813.6,2017,6,2015-18
1,174,7,2820.3,2017,7,2015-18
1,175,9,2806.95,2017,8,2015-18
1,176,2,2819.3,2017,9,2015-18
1,177,4,2837.04,2017,10,2015-18
1,178,2,2853.48,2017,11,2015-18
1,179,3,2847.51,2017,12,2015-18
1,180,11,2800.5,2018,1,2015-18
1,181,8,2808.75,2018,2,2015-18
1,182,8,2813.8,2018,3,2015-18
1,183,5,2830,2018,4,2015-18
1,184,7,2828.36,2018,5,2015-18
1,185,3,2831.99,2018,6,2015-18
1,186,4,2836.27,2018,7,2015-18
1,187,6,2844.33,2018,8,2015-18
1,188,3,2832.95,2018,9,2015-18
1,189,8,2844.32,2018,10,2015-18
1,190,3,2866.95,2018,11,2015-18
1,191,6,2839.29,2018,12,2015-18
5,0,9,4976.1,2003,1,2003-06
5,1,7,5042.93,2003,2,2003-06
5,2,8,5033.96,2003,3,2003-06
5,3,12,5080.43,2003,4,2003-06
5,4,11,5170.2,2003,5,2003-06
5,5,17,5280.39,2003,6,2003-06
5,6,9,5093.09,2003,7,2003-06
5,7,15,5103.15,2003,8,2003-06
5,8,6,5175.99,2003,9,2003-06
5,9,12,5243.38,2003,10,2003-06
5,10,8,5317.73,2003,11,2003-06
5,11,7,5339.48,2003,12,2003-06
5,12,5,5317.89,2004,1,2003-06
5,13,8,5346.78,2004,2,2003-06
5,14,6,5406.78,2004,3,2003-06
5,15,9,5412.91,2004,4,2003-06
5,16,5,5447.72,2004,5,2003-06
5,17,8,5535.06,2004,6,2003-06
5,18,9,5296.39,2004,7,2003-06
5,19,6,5329.31,2004,8,2003-06
5,20,7,5331.97,2004,9,2003-06
5,21,7,5393.42,2004,10,2003-06
5,22,10,5449.37,2004,11,2003-06
5,23,8,5483.04,2004,12,2003-06
5,24,6,5495.45,2005,1,2003-06
5,25,7,5489.79,2005,2,2003-06
5,26,10,5544.37,2005,3,2003-06
5,27,7,5587.16,2005,4,2003-06
5,28,3,5626.84,2005,5,2003-06
5,29,8,5671.88,2005,6,2003-06
5,30,3,5525.62,2005,7,2003-06
5,31,2,5540.96,2005,8,2003-06
5,32,6,5574.25,2005,9,2003-06
5,33,10,5625.28,2005,10,2003-06
5,34,8,5666.56,2005,11,2003-06
5,35,6,5697.14,2005,12,2003-06
5,36,8,5681.95,2006,1,2003-06
5,37,4,5713.63,2006,2,2003-06
5,38,7,5737.47,2006,3,2003-06
5,39,6,5785.18,2006,4,2003-06
5,40,9,5803.95,2006,5,2003-06
5,41,8,5839.98,2006,6,2003-06
5,42,5,5769.07,2006,7,2003-06
5,43,9,5835.69,2006,8,2003-06
5,44,7,5858.4,2006,9,2003-06
5,45,7,5866.78,2006,10,2003-06
5,46,10,5908.88,2006,11,2003-06
5,47,5,5923.56,2006,12,2003-06
5,48,1,5906.92,2007,1,2007-10
5,49,5,5917.31,2007,2,2007-10
5,50,5,5943.18,2007,3,2007-10
5,51,3,5950.66,2007,4,2007-10
5,52,3,5964.68,2007,5,2007-10
5,53,5,6000.56,2007,6,2007-10
5,54,3,5888.71,2007,7,2007-10
5,55,9,5924.84,2007,8,2007-10
5,56,3,5959.98,2007,9,2007-10
5,57,8,6011.52,2007,10,2007-10
5,58,4,6045.85,2007,11,2007-10
5,59,7,6026.42,2007,12,2007-10
5,60,12,5969.63,2008,1,2007-10
5,61,2,5960.78,2008,2,2007-10
5,62,7,5979.36,2008,3,2007-10
5,63,3,6019.39,2008,4,2007-10
5,64,6,6040.81,2008,5,2007-10
5,65,7,6102.49,2008,6,2007-10
5,66,7,6079.8,2008,7,2007-10
5,67,3,6120.42,2008,8,2007-10
5,68,5,6167.18,2008,9,2007-10
5,69,5,6171.07,2008,10,2007-10
5,70,1,6204.38,2008,11,2007-10
5,71,2,6206.84,2008,12,2007-10
5,72,0,6141.95,2009,1,2007-10
5,73,1,6154.41,2009,2,2007-10
5,74,3,6176.21,2009,3,2007-10
5,75,7,6195.51,2009,4,2007-10
5,76,2,6209.83,2009,5,2007-10
5,77,6,6229.4,2009,6,2007-10
5,78,11,6185.17,2009,7,2007-10
5,79,6,6237.73,2009,8,2007-10
5,80,7,6270.26,2009,9,2007-10
5,81,9,6319.7,2009,10,2007-10
5,82,4,6371.79,2009,11,2007-10
5,83,5,6404.68,2009,12,2007-10
5,84,4,6336.57,2010,1,2007-10
5,85,6,6288.08,2010,2,2007-10
5,86,4,6318.26,2010,3,2007-10
5,87,4,6334,2010,4,2007-10
5,88,3,6379.39,2010,5,2007-10
5,89,4,6385.22,2010,6,2007-10
5,90,12,6364.32,2010,7,2007-10
5,91,8,6412.24,2010,8,2007-10
5,92,4,6463.33,2010,9,2007-10
5,93,9,6486.58,2010,10,2007-10
5,94,5,6527.1,2010,11,2007-10
5,95,8,6561.67,2010,12,2007-10
5,96,3,6524.87,2011,1,2011-14
5,97,4,6498.69,2011,2,2011-14
5,98,8,6500.65,2011,3,2011-14
5,99,5,6527.41,2011,4,2011-14
5,100,2,6551.25,2011,5,2011-14
5,101,3,6572.29,2011,6,2011-14
5,102,5,6535.13,2011,7,2011-14
5,103,4,6567.2,2011,8,2011-14
5,104,3,6596.36,2011,9,2011-14
5,105,8,6622.7,2011,10,2011-14
5,106,5,6649.61,2011,11,2011-14
5,107,10,6652.44,2011,12,2011-14
5,108,8,6608.33,2012,1,2011-14
5,109,6,6587.81,2012,2,2011-14
5,110,1,6625.34,2012,3,2011-14
5,111,1,6663.41,2012,4,2011-14
5,112,2,6671.85,2012,5,2011-14
5,113,8,6711.69,2012,6,2011-14
5,114,3,6685.32,2012,7,2011-14
5,115,5,6723.66,2012,8,2011-14
5,116,5,6710.45,2012,9,2011-14
5,117,4,6667.8,2012,10,2011-14
5,118,7,6658.94,2012,11,2011-14
5,119,4,6689.61,2012,12,2011-14
5,120,10,6686.09,2013,1,2011-14
5,121,6,6684.22,2013,2,2011-14
5,122,4,6669.82,2013,3,2011-14
5,123,2,6728.32,2013,4,2011-14
5,124,8,6768.19,2013,5,2011-14
5,125,8,6786.4,2013,6,2011-14
5,126,4,6752.83,2013,7,2011-14
5,127,5,6778.05,2013,8,2011-14
5,128,4,6826.61,2013,9,2011-14
5,129,2,6875.34,2013,10,2011-14
5,130,8,6923.72,2013,11,2011-14
5,131,4,6915.36,2013,12,2011-14
5,132,6,6860.82,2014,1,2011-14
5,133,4,6865.43,2014,2,2011-14
5,134,4,6893.47,2014,3,2011-14
5,135,5,6937.39,2014,4,2011-14
5,136,9,6957.85,2014,5,2011-14
5,137,5,6941.73,2014,6,2011-14
5,138,13,6915.7,2014,7,2011-14
5,139,9,6918.8,2014,8,2011-14
5,140,11,6949.41,2014,9,2011-14
5,141,8,6971.91,2014,10,2011-14
5,142,11,7009.99,2014,11,2011-14
5,143,17,6981.18,2014,12,2011-14
5,144,9,6909.88,2015,1,2015-18
5,145,8,6862.65,2015,2,2015-18
5,146,6,6847.46,2015,3,2015-18
5,147,11,6882.3,2015,4,2015-18
5,148,7,6915.08,2015,5,2015-18
5,149,6,6929.4,2015,6,2015-18
5,150,6,6895.15,2015,7,2015-18
5,151,5,6923.65,2015,8,2015-18
5,152,3,6965.12,2015,9,2015-18
5,153,3,7020.41,2015,10,2015-18
5,154,5,7018.21,2015,11,2015-18
5,155,11,6979.28,2015,12,2015-18
5,156,3,6899.39,2016,1,2015-18
5,157,2,6881.25,2016,2,2015-18
5,158,4,6891.84,2016,3,2015-18
5,159,2,6901.08,2016,4,2015-18
5,160,6,6873.06,2016,5,2015-18
5,161,3,6893.83,2016,6,2015-18
5,162,8,6892.78,2016,7,2015-18
5,163,5,6950.54,2016,8,2015-18
5,164,2,6987.01,2016,9,2015-18
5,165,4,6936.26,2016,10,2015-18
5,166,6,6814.1,2016,11,2015-18
5,167,10,6829.37,2016,12,2015-18
5,168,5,6780.17,2017,1,2015-18
5,169,7,6816.66,2017,2,2015-18
5,170,6,6913.06,2017,3,2015-18
5,171,4,6959.87,2017,4,2015-18
5,172,5,6977.26,2017,5,2015-18
5,173,9,7040.83,2017,6,2015-18
5,174,5,7054.47,2017,7,2015-18
5,175,6,7054.83,2017,8,2015-18
5,176,5,7097.2,2017,9,2015-18
5,177,6,7143.22,2017,10,2015-18
5,178,2,7173.69,2017,11,2015-18
5,179,8,7152.2,2017,12,2015-18
5,180,5,7025.53,2018,1,2015-18
5,181,7,7019.65,2018,2,2015-18
5,182,5,7037.84,2018,3,2015-18
5,183,7,7073.88,2018,4,2015-18
5,184,6,7083.15,2018,5,2015-18
5,185,7,7119.32,2018,6,2015-18
5,186,4,7123.03,2018,7,2015-18
5,187,6,7146.3,2018,8,2015-18
5,188,5,7134.89,2018,9,2015-18
5,189,8,7164.05,2018,10,2015-18
5,190,8,7201.61,2018,11,2015-18
5,191,4,7143.57,2018,12,2015-18
15,0,4,2939.68,2003,1,2003-06
15,1,7,2971.07,2003,2,2003-06
15,2,8,2909.32,2003,3,2003-06
15,3,10,2901.58,2003,4,2003-06
15,4,7,2934.43,2003,5,2003-06
15,5,13,2978.43,2003,6,2003-06
15,6,10,3085.2,2003,7,2003-06
15,7,5,3052.55,2003,8,2003-06
15,8,4,3088.04,2003,9,2003-06
15,9,11,3113.7,2003,10,2003-06
15,10,13,3163.85,2003,11,2003-06
15,11,8,3158.37,2003,12,2003-06
15,12,2,3097.97,2004,1,2003-06
15,13,3,3076.33,2004,2,2003-06
15,14,8,3106.13,2004,3,2003-06
15,15,8,3064.9,2004,4,2003-06
15,16,6,3040.51,2004,5,2003-06
15,17,10,3073.52,2004,6,2003-06
15,18,6,3289.03,2004,7,2003-06
15,19,8,3275.75,2004,8,2003-06
15,20,8,3222.12,2004,9,2003-06
15,21,5,3237.08,2004,10,2003-06
15,22,5,3255.06,2004,11,2003-06
15,23,6,3272.9,2004,12,2003-06
15,24,7,3265.97,2005,1,2003-06
15,25,7,3235.11,2005,2,2003-06
15,26,9,3272.71,2005,3,2003-06
15,27,11,3301.77,2005,4,2003-06
15,28,11,3323.8,2005,5,2003-06
15,29,8,3385.99,2005,6,2003-06
15,30,5,3260.96,2005,7,2003-06
15,31,11,3263.27,2005,8,2003-06
15,32,5,3274.33,2005,9,2003-06
15,33,4,3314.22,2005,10,2003-06
15,34,3,3351.31,2005,11,2003-06
15,35,5,3374.91,2005,12,2003-06
15,36,8,3332.25,2006,1,2003-06
15,37,6,3337.81,2006,2,2003-06
15,38,6,3348.94,2006,3,2003-06
15,39,9,3386.2,2006,4,2003-06
15,40,5,3397.13,2006,5,2003-06
15,41,10,3431.31,2006,6,2003-06
15,42,5,3444.18,2006,7,2003-06
15,43,5,3508.41,2006,8,2003-06
15,44,5,3520.72,2006,9,2003-06
15,45,13,3508.7,2006,10,2003-06
15,46,3,3535.65,2006,11,2003-06
15,47,4,3533.23,2006,12,2003-06
15,48,7,3500.47,2007,1,2007-10
15,49,5,3507.13,2007,2,2007-10
15,50,2,3538.11,2007,3,2007-10
15,51,6,3548.65,2007,4,2007-10
15,52,4,3565.52,2007,5,2007-10
15,53,4,3597.59,2007,6,2007-10
15,54,6,3500.08,2007,7,2007-10
15,55,6,3532.61,2007,8,2007-10
15,56,5,3554.42,2007,9,2007-10
15,57,6,3605.92,2007,10,2007-10
15,58,4,3633.77,2007,11,2007-10
15,59,10,3587.89,2007,12,2007-10
15,60,6,3501.76,2008,1,2007-10
15,61,2,3460.59,2008,2,2007-10
15,62,8,3472.17,2008,3,2007-10
15,63,4,3522.67,2008,4,2007-10
15,64,3,3560.83,2008,5,2007-10
15,65,5,3623.67,2008,6,2007-10
15,66,5,3612.04,2008,7,2007-10
15,67,8,3667.09,2008,8,2007-10
15,68,4,3738.46,2008,9,2007-10
15,69,1,3741.35,2008,10,2007-10
15,70,7,3776.7,2008,11,2007-10
15,71,5,3761.9,2008,12,2007-10
15,72,2,3678.63,2009,1,2007-10
15,73,8,3679.81,2009,2,2007-10
15,74,6,3697.85,2009,3,2007-10
15,75,3,3710.5,2009,4,2007-10
15,76,8,3732.59,2009,5,2007-10
15,77,2,3762.28,2009,6,2007-10
15,78,3,3678.49,2009,7,2007-10
15,79,3,3749.09,2009,8,2007-10
15,80,7,3780.77,2009,9,2007-10
15,81,4,3820.69,2009,10,2007-10
15,82,13,3867.53,2009,11,2007-10
15,83,6,3908.88,2009,12,2007-10
15,84,6,3823.96,2010,1,2007-10
15,85,1,3752.09,2010,2,2007-10
15,86,6,3786.86,2010,3,2007-10
15,87,4,3812.94,2010,4,2007-10
15,88,5,3872.04,2010,5,2007-10
15,89,8,3892.3,2010,6,2007-10
15,90,4,3811.52,2010,7,2007-10
15,91,10,3860.57,2010,8,2007-10
15,92,5,3903.6,2010,9,2007-10
15,93,2,3916.95,2010,10,2007-10
15,94,7,3944.12,2010,11,2007-10
15,95,12,3965.87,2010,12,2007-10
15,96,5,3890,2011,1,2011-14
15,97,8,3833.5,2011,2,2011-14
15,98,6,3828.99,2011,3,2011-14
15,99,5,3876.65,2011,4,2011-14
15,100,5,3907.74,2011,5,2011-14
15,101,9,3940.21,2011,6,2011-14
15,102,3,3862.87,2011,7,2011-14
15,103,4,3908.63,2011,8,2011-14
15,104,4,3948.86,2011,9,2011-14
15,105,4,3973.67,2011,10,2011-14
15,106,5,3999.72,2011,11,2011-14
15,107,8,4011.54,2011,12,2011-14
15,108,4,3958.5,2012,1,2011-14
15,109,4,3927.82,2012,2,2011-14
15,110,5,3960.49,2012,3,2011-14
15,111,5,4009.34,2012,4,2011-14
15,112,2,4029.55,2012,5,2011-14
15,113,6,4086.9,2012,6,2011-14
15,114,4,4011.61,2012,7,2011-14
15,115,5,4072.85,2012,8,2011-14
15,116,3,4068.18,2012,9,2011-14
15,117,5,4075.78,2012,10,2011-14
15,118,3,4103.76,2012,11,2011-14
15,119,6,4101.65,2012,12,2011-14
15,120,3,4037.72,2013,1,2011-14
15,121,6,4030.1,2013,2,2011-14
15,122,7,4003.05,2013,3,2011-14
15,123,4,4058.55,2013,4,2011-14
15,124,4,4072.67,2013,5,2011-14
15,125,3,4092.3,2013,6,2011-14
15,126,6,3989.03,2013,7,2011-14
15,127,3,4019.8,2013,8,2011-14
15,128,3,4066.48,2013,9,2011-14
15,129,7,4102.32,2013,10,2011-14
15,130,8,4160.64,2013,11,2011-14
15,131,4,4160.78,2013,12,2011-14
15,132,2,4086.96,2014,1,2011-14
15,133,2,4079.12,2014,2,2011-14
15,134,7,4097.94,2014,3,2011-14
15,135,8,4149.99,2014,4,2011-14
15,136,3,4186.83,2014,5,2011-14
15,137,2,4178.85,2014,6,2011-14
15,138,4,4057.85,2014,7,2011-14
15,139,2,4080.62,2014,8,2011-14
15,140,4,4126.15,2014,9,2011-14
15,141,4,4152.31,2014,10,2011-14
15,142,4,4201.61,2014,11,2011-14
15,143,7,4193.7,2014,12,2011-14
15,144,6,4161.12,2015,1,2015-18
15,145,5,4129.04,2015,2,2015-18
15,146,9,4097.99,2015,3,2015-18
15,147,5,4151.61,2015,4,2015-18
15,148,10,4197.71,2015,5,2015-18
15,149,6,4204.07,2015,6,2015-18
15,150,6,4064.62,2015,7,2015-18
15,151,3,4122.72,2015,8,2015-18
15,152,5,4197.61,2015,9,2015-18
15,153,4,4282.81,2015,10,2015-18
15,154,5,4252.9,2015,11,2015-18
15,155,3,4223.55,2015,12,2015-18
15,156,5,4149.23,2016,1,2015-18
15,157,8,4104.42,2016,2,2015-18
15,158,6,4107.14,2016,3,2015-18
15,159,5,4128.06,2016,4,2015-18
15,160,9,4065.85,2016,5,2015-18
15,161,6,4094.22,2016,6,2015-18
15,162,4,4043.83,2016,7,2015-18
15,163,3,4085.95,2016,8,2015-18
15,164,5,4071.34,2016,9,2015-18
15,165,1,4085.17,2016,10,2015-18
15,166,0,4075.54,2016,11,2015-18
15,167,2,4119.91,2016,12,2015-18
15,168,5,3993.53,2017,1,2015-18
15,169,3,3903.93,2017,2,2015-18
15,170,6,3984.27,2017,3,2015-18
15,171,2,4047.67,2017,4,2015-18
15,172,2,4069.65,2017,5,2015-18
15,173,4,4157.98,2017,6,2015-18
15,174,2,4103.55,2017,7,2015-18
15,175,6,4101.64,2017,8,2015-18
15,176,5,4157.89,2017,9,2015-18
15,177,6,4243.51,2017,10,2015-18
15,178,7,4304.31,2017,11,2015-18
15,179,4,4299.02,2017,12,2015-18
15,180,6,4121.93,2018,1,2015-18
15,181,6,4096.6,2018,2,2015-18
15,182,3,4122.45,2018,3,2015-18
15,183,4,4167.07,2018,4,2015-18
15,184,5,4156.5,2018,5,2015-18
15,185,6,4199.5,2018,6,2015-18
15,186,7,4164.57,2018,7,2015-18
15,187,2,4199.37,2018,8,2015-18
15,188,0,4185.79,2018,9,2015-18
15,189,4,4236.63,2018,10,2015-18
15,190,8,4295.01,2018,11,2015-18
15,191,5,4282.34,2018,12,2015-18
25,0,16,1884.09,2003,1,2003-06
25,1,18,1931.48,2003,2,2003-06
25,2,12,1894.03,2003,3,2003-06
25,3,22,1882.17,2003,4,2003-06
25,4,22,1896.7,2003,5,2003-06
25,5,20,1916.96,2003,6,2003-06
25,6,15,2051.91,2003,7,2003-06
25,7,18,2029.05,2003,8,2003-06
25,8,9,2037.85,2003,9,2003-06
25,9,11,2044.67,2003,10,2003-06
25,10,10,2091.3,2003,11,2003-06
25,11,17,2088.4,2003,12,2003-06
25,12,16,2056.91,2004,1,2003-06
25,13,13,2044.8,2004,2,2003-06
25,14,11,2062.64,2004,3,2003-06
25,15,11,2039.69,2004,4,2003-06
25,16,11,2020.57,2004,5,2003-06
25,17,23,2036.73,2004,6,2003-06
25,18,11,2060.84,2004,7,2003-06
25,19,5,2053.65,2004,8,2003-06
25,20,15,2014.42,2004,9,2003-06
25,21,5,2010.1,2004,10,2003-06
25,22,11,2008.95,2004,11,2003-06
25,23,20,2008.81,2004,12,2003-06
25,24,10,2021.68,2005,1,2003-06
25,25,16,2007.87,2005,2,2003-06
25,26,15,2012.46,2005,3,2003-06
25,27,19,2005.5,2005,4,2003-06
25,28,9,2007.63,2005,5,2003-06
25,29,11,2034.17,2005,6,2003-06
25,30,13,2071.38,2005,7,2003-06
25,31,10,2059.08,2005,8,2003-06
25,32,9,2047.27,2005,9,2003-06
25,33,6,2050.43,2005,10,2003-06
25,34,20,2067.25,2005,11,2003-06
25,35,13,2091.05,2005,12,2003-06
25,36,11,2057.56,2006,1,2003-06
25,37,11,2058.35,2006,2,2003-06
25,38,3,2052.32,2006,3,2003-06
25,39,14,2080.72,2006,4,2003-06
25,40,14,2079.61,2006,5,2003-06
25,41,10,2078.05,2006,6,2003-06
25,42,10,2107.97,2006,7,2003-06
25,43,16,2145.74,2006,8,2003-06
25,44,7,2153.63,2006,9,2003-06
25,45,14,2132.58,2006,10,2003-06
25,46,9,2136.79,2006,11,2003-06
25,47,10,2122.75,2006,12,2003-06
25,48,7,2105.04,2007,1,2007-10
25,49,8,2113.97,2007,2,2007-10
25,50,8,2106.2,2007,3,2007-10
25,51,8,2089.32,2007,4,2007-10
25,52,18,2087.92,2007,5,2007-10
25,53,6,2110.69,2007,6,2007-10
25,54,10,2098.1,2007,7,2007-10
25,55,12,2092,2007,8,2007-10
25,56,11,2086.89,2007,9,2007-10
25,57,11,2110.57,2007,10,2007-10
25,58,7,2129.08,2007,11,2007-10
25,59,6,2093.72,2007,12,2007-10
25,60,5,2049.9,2008,1,2007-10
25,61,5,2028.97,2008,2,2007-10
25,62,8,2022.87,2008,3,2007-10
25,63,12,2048.41,2008,4,2007-10
25,64,6,2061.01,2008,5,2007-10
25,65,11,2082.61,2008,6,2007-10
25,66,5,2122.91,2008,7,2007-10
25,67,14,2137.69,2008,8,2007-10
25,68,5,2176.13,2008,9,2007-10
25,69,12,2163.13,2008,10,2007-10
25,70,12,2166.42,2008,11,2007-10
25,71,13,2143.47,2008,12,2007-10
25,72,7,2103.89,2009,1,2007-10
25,73,9,2135.77,2009,2,2007-10
25,74,6,2142.53,2009,3,2007-10
25,75,8,2130.15,2009,4,2007-10
25,76,10,2123.45,2009,5,2007-10
25,77,11,2112.97,2009,6,2007-10
25,78,7,2152.93,2009,7,2007-10
25,79,7,2205.78,2009,8,2007-10
25,80,8,2212.61,2009,9,2007-10
25,81,5,2220.43,2009,10,2007-10
25,82,7,2239.64,2009,11,2007-10
25,83,10,2273.11,2009,12,2007-10
25,84,7,2235.91,2010,1,2007-10
25,85,9,2201.05,2010,2,2007-10
25,86,4,2212.02,2010,3,2007-10
25,87,8,2208.95,2010,4,2007-10
25,88,8,2241.26,2010,5,2007-10
25,89,13,2244.06,2010,6,2007-10
25,90,7,2280.64,2010,7,2007-10
25,91,9,2294.21,2010,8,2007-10
25,92,7,2321.64,2010,9,2007-10
25,93,4,2313.46,2010,10,2007-10
25,94,12,2307.69,2010,11,2007-10
25,95,7,2310.32,2010,12,2007-10
25,96,7,2287.24,2011,1,2011-14
25,97,5,2262.96,2011,2,2011-14
25,98,8,2245.83,2011,3,2011-14
25,99,2,2251.36,2011,4,2011-14
25,100,9,2265.68,2011,5,2011-14
25,101,11,2270.13,2011,6,2011-14
25,102,6,2302.48,2011,7,2011-14
25,103,13,2312.24,2011,8,2011-14
25,104,6,2339.58,2011,9,2011-14
25,105,4,2343.79,2011,10,2011-14
25,106,8,2346.71,2011,11,2011-14
25,107,6,2346.36,2011,12,2011-14
25,108,5,2342.34,2012,1,2011-14
25,109,10,2336.55,2012,2,2011-14
25,110,8,2342.87,2012,3,2011-14
25,111,10,2365.89,2012,4,2011-14
25,112,10,2369.28,2012,5,2011-14
25,113,9,2382.49,2012,6,2011-14
25,114,9,2405.97,2012,7,2011-14
25,115,6,2442.06,2012,8,2011-14
25,116,8,2431.51,2012,9,2011-14
25,117,9,2422.93,2012,10,2011-14
25,118,7,2440.71,2012,11,2011-14
25,119,11,2440.5,2012,12,2011-14
25,120,9,2399.35,2013,1,2011-14
25,121,4,2397.05,2013,2,2011-14
25,122,3,2376.97,2013,3,2011-14
25,123,7,2404.55,2013,4,2011-14
25,124,5,2422.73,2013,5,2011-14
25,125,7,2417.27,2013,6,2011-14
25,126,3,2342.1,2013,7,2011-14
25,127,9,2343,2013,8,2011-14
25,128,4,2380.8,2013,9,2011-14
25,129,2,2394.32,2013,10,2011-14
25,130,6,2413.7,2013,11,2011-14
25,131,8,2393.01,2013,12,2011-14
25,132,8,2365.92,2014,1,2011-14
25,133,7,2390.36,2014,2,2011-14
25,134,4,2393.35,2014,3,2011-14
25,135,8,2395.35,2014,4,2011-14
25,136,16,2423.15,2014,5,2011-14
25,137,8,2414.66,2014,6,2011-14
25,138,9,2475.8,2014,7,2011-14
25,139,6,2466.05,2014,8,2011-14
25,140,6,2499.28,2014,9,2011-14
25,141,9,2499.78,2014,10,2011-14
25,142,6,2509.45,2014,11,2011-14
25,143,11,2486.23,2014,12,2011-14
25,144,7,2473.22,2015,1,2015-18
25,145,3,2481.35,2015,2,2015-18
25,146,8,2466.64,2015,3,2015-18
25,147,9,2478.06,2015,4,2015-18
25,148,14,2504.59,2015,5,2015-18
25,149,10,2515.94,2015,6,2015-18
25,150,5,2427.43,2015,7,2015-18
25,151,5,2443.19,2015,8,2015-18
25,152,6,2477.94,2015,9,2015-18
25,153,6,2527.98,2015,10,2015-18
25,154,8,2506.76,2015,11,2015-18
25,155,15,2474.71,2015,12,2015-18
25,156,8,2441.43,2016,1,2015-18
25,157,7,2434.72,2016,2,2015-18
25,158,1,2457.15,2016,3,2015-18
25,159,4,2480.65,2016,4,2015-18
25,160,10,2461.99,2016,5,2015-18
25,161,3,2484.33,2016,6,2015-18
25,162,9,2491.91,2016,7,2015-18
25,163,8,2537.15,2016,8,2015-18
25,164,7,2536.41,2016,9,2015-18
25,165,11,2528.12,2016,10,2015-18
25,166,2,2509.12,2016,11,2015-18
25,167,13,2539.65,2016,12,2015-18
25,168,9,2508.52,2017,1,2015-18
25,169,4,2503.15,2017,2,2015-18
25,170,10,2551.27,2017,3,2015-18
25,171,8,2572.66,2017,4,2015-18
25,172,5,2580.51,2017,5,2015-18
25,173,5,2640.25,2017,6,2015-18
25,174,13,2621.17,2017,7,2015-18
25,175,3,2614.88,2017,8,2015-18
25,176,7,2636.72,2017,9,2015-18
25,177,6,2671.37,2017,10,2015-18
25,178,6,2708.37,2017,11,2015-18
25,179,7,2711.42,2017,12,2015-18
25,180,13,2662.35,2018,1,2015-18
25,181,9,2681.52,2018,2,2015-18
25,182,4,2691.33,2018,3,2015-18
25,183,6,2729.76,2018,4,2015-18
25,184,7,2740.24,2018,5,2015-18
25,185,5,2752.83,2018,6,2015-18
25,186,4,2715.01,2018,7,2015-18
25,187,5,2756.96,2018,8,2015-18
25,188,6,2751.86,2018,9,2015-18
25,189,1,2772.18,2018,10,2015-18
25,190,6,2802.39,2018,11,2015-18
25,191,7,2807.72,2018,12,2015-18
35,0,15,1216.62,2003,1,2003-06
35,1,4,1232.81,2003,2,2003-06
35,2,15,1218.1,2003,3,2003-06
35,3,11,1216.71,2003,4,2003-06
35,4,13,1225.27,2003,5,2003-06
35,5,13,1233.01,2003,6,2003-06
35,6,16,1314.47,2003,7,2003-06
35,7,15,1305.83,2003,8,2003-06
35,8,8,1311.29,2003,9,2003-06
35,9,15,1316.44,2003,10,2003-06
35,10,14,1335.04,2003,11,2003-06
35,11,18,1332.79,2003,12,2003-06
35,12,12,1318.19,2004,1,2003-06
35,13,14,1313.57,2004,2,2003-06
35,14,10,1317.28,2004,3,2003-06
35,15,10,1306.33,2004,4,2003-06
35,16,15,1299.39,2004,5,2003-06
35,17,26,1302.57,2004,6,2003-06
35,18,13,1363.94,2004,7,2003-06
35,19,14,1356.69,2004,8,2003-06
35,20,11,1340.08,2004,9,2003-06
35,21,12,1339.43,2004,10,2003-06
35,22,7,1339.97,2004,11,2003-06
35,23,17,1340.22,2004,12,2003-06
35,24,11,1343.02,2005,1,2003-06
35,25,15,1336.56,2005,2,2003-06
35,26,10,1338.91,2005,3,2003-06
35,27,16,1338.3,2005,4,2003-06
35,28,8,1337.48,2005,5,2003-06
35,29,11,1349.86,2005,6,2003-06
35,30,10,1368.18,2005,7,2003-06
35,31,13,1362.65,2005,8,2003-06
35,32,8,1357.62,2005,9,2003-06
35,33,7,1359.04,2005,10,2003-06
35,34,10,1365.25,2005,11,2003-06
35,35,13,1374.17,2005,12,2003-06
35,36,7,1361.47,2006,1,2003-06
35,37,7,1360.37,2006,2,2003-06
35,38,12,1357.58,2006,3,2003-06
35,39,7,1366.42,2006,4,2003-06
35,40,5,1362.98,2006,5,2003-06
35,41,16,1360.4,2006,6,2003-06
35,42,7,1366.51,2006,7,2003-06
35,43,13,1380.58,2006,8,2003-06
35,44,11,1381.57,2006,9,2003-06
35,45,10,1372.27,2006,10,2003-06
35,46,18,1370.9,2006,11,2003-06
35,47,8,1367.47,2006,12,2003-06
35,48,4,1362.61,2007,1,2007-10
35,49,6,1366.14,2007,2,2007-10
35,50,7,1361.67,2007,3,2007-10
35,51,13,1355.6,2007,4,2007-10
35,52,3,1352.74,2007,5,2007-10
35,53,9,1358.62,2007,6,2007-10
35,54,1,1420.27,2007,7,2007-10
35,55,11,1420.82,2007,8,2007-10
35,56,12,1417.87,2007,9,2007-10
35,57,7,1430.39,2007,10,2007-10
35,58,4,1437.08,2007,11,2007-10
35,59,15,1421.66,2007,12,2007-10
35,60,13,1402.05,2008,1,2007-10
35,61,11,1393.56,2008,2,2007-10
35,62,12,1389.97,2008,3,2007-10
35,63,5,1397.67,2008,4,2007-10
35,64,4,1401.86,2008,5,2007-10
35,65,8,1405.77,2008,6,2007-10
35,66,8,1439.76,2008,7,2007-10
35,67,8,1446.67,2008,8,2007-10
35,68,5,1460.95,2008,9,2007-10
35,69,11,1453.77,2008,10,2007-10
35,70,11,1453.17,2008,11,2007-10
35,71,8,1441.6,2008,12,2007-10
35,72,11,1422.94,2009,1,2007-10
35,73,8,1429.62,2009,2,2007-10
35,74,8,1429.83,2009,3,2007-10
35,75,4,1425.14,2009,4,2007-10
35,76,8,1425.13,2009,5,2007-10
35,77,11,1426.05,2009,6,2007-10
35,78,3,1532.76,2009,7,2007-10
35,79,11,1554.41,2009,8,2007-10
35,80,11,1556.44,2009,9,2007-10
35,81,11,1559.3,2009,10,2007-10
35,82,8,1567.2,2009,11,2007-10
35,83,11,1578.42,2009,12,2007-10
35,84,7,1563.73,2010,1,2007-10
35,85,11,1546.67,2010,2,2007-10
35,86,9,1546.71,2010,3,2007-10
35,87,11,1543.17,2010,4,2007-10
35,88,11,1555.44,2010,5,2007-10
35,89,14,1556.57,2010,6,2007-10
35,90,9,1635.67,2010,7,2007-10
35,91,8,1640.77,2010,8,2007-10
35,92,12,1655.13,2010,9,2007-10
35,93,10,1652.95,2010,10,2007-10
35,94,12,1651.04,2010,11,2007-10
35,95,12,1651.38,2010,12,2007-10
35,96,11,1644.01,2011,1,2011-14
35,97,6,1633.94,2011,2,2011-14
35,98,5,1623.18,2011,3,2011-14
35,99,11,1620.85,2011,4,2011-14
35,100,9,1620.25,2011,5,2011-14
35,101,10,1618.23,2011,6,2011-14
35,102,6,1724.45,2011,7,2011-14
35,103,9,1730.49,2011,8,2011-14
35,104,9,1739.02,2011,9,2011-14
35,105,4,1738.59,2011,10,2011-14
35,106,12,1737.96,2011,11,2011-14
35,107,9,1736.71,2011,12,2011-14
35,108,11,1731.16,2012,1,2011-14
35,109,15,1723.05,2012,2,2011-14
35,110,14,1725.25,2012,3,2011-14
35,111,6,1731.55,2012,4,2011-14
35,112,11,1728.88,2012,5,2011-14
35,113,11,1731.17,2012,6,2011-14
35,114,13,1813.25,2012,7,2011-14
35,115,13,1824.55,2012,8,2011-14
35,116,9,1820.22,2012,9,2011-14
35,117,8,1810.98,2012,10,2011-14
35,118,8,1809.42,2012,11,2011-14
35,119,19,1809.44,2012,12,2011-14
35,120,11,1800.74,2013,1,2011-14
35,121,11,1798.95,2013,2,2011-14
35,122,11,1788.6,2013,3,2011-14
35,123,7,1800.82,2013,4,2011-14
35,124,4,1808.89,2013,5,2011-14
35,125,6,1808.27,2013,6,2011-14
35,126,3,1905.61,2013,7,2011-14
35,127,4,1905.39,2013,8,2011-14
35,128,10,1922.41,2013,9,2011-14
35,129,14,1927.42,2013,10,2011-14
35,130,13,1934.6,2013,11,2011-14
35,131,9,1926.69,2013,12,2011-14
35,132,5,1914.42,2014,1,2011-14
35,133,11,1922.46,2014,2,2011-14
35,134,14,1920.18,2014,3,2011-14
35,135,13,1921.02,2014,4,2011-14
35,136,8,1933.86,2014,5,2011-14
35,137,9,1934.45,2014,6,2011-14
35,138,10,1927.98,2014,7,2011-14
35,139,9,1923.53,2014,8,2011-14
35,140,11,1936.77,2014,9,2011-14
35,141,8,1935.99,2014,10,2011-14
35,142,8,1936.35,2014,11,2011-14
35,143,9,1921.51,2014,12,2011-14
35,144,6,1914.7,2015,1,2015-18
35,145,4,1913.32,2015,2,2015-18
35,146,9,1905.63,2015,3,2015-18
35,147,7,1908.2,2015,4,2015-18
35,148,8,1920.33,2015,5,2015-18
35,149,4,1921.07,2015,6,2015-18
35,150,9,1957.77,2015,7,2015-18
35,151,6,1962.18,2015,8,2015-18
35,152,9,1973.6,2015,9,2015-18
35,153,11,1991.4,2015,10,2015-18
35,154,9,1976.85,2015,11,2015-18
35,155,10,1958.21,2015,12,2015-18
35,156,8,1940.27,2016,1,2015-18
35,157,10,1931.37,2016,2,2015-18
35,158,5,1934.6,2016,3,2015-18
35,159,9,1940.35,2016,4,2015-18
35,160,8,1927.95,2016,5,2015-18
35,161,11,1925.85,2016,6,2015-18
35,162,12,1947.81,2016,7,2015-18
35,163,8,1965.85,2016,8,2015-18
35,164,11,1967.25,2016,9,2015-18
35,165,12,1951.96,2016,10,2015-18
35,166,8,1919.73,2016,11,2015-18
35,167,8,1925.15,2016,12,2015-18
35,168,7,1914.04,2017,1,2015-18
35,169,9,1924.47,2017,2,2015-18
35,170,6,1950.65,2017,3,2015-18
35,171,8,1960.47,2017,4,2015-18
35,172,18,1962.45,2017,5,2015-18
35,173,7,1987.03,2017,6,2015-18
35,174,12,2019.74,2017,7,2015-18
35,175,15,2011.65,2017,8,2015-18
35,176,7,2017.48,2017,9,2015-18
35,177,6,2031.43,2017,10,2015-18
35,178,8,2047.41,2017,11,2015-18
35,179,5,2048.03,2017,12,2015-18
35,180,6,2024.19,2018,1,2015-18
35,181,12,2028.75,2018,2,2015-18
35,182,9,2030.79,2018,3,2015-18
35,183,9,2043.56,2018,4,2015-18
35,184,8,2047.81,2018,5,2015-18
35,185,9,2056.6,2018,6,2015-18
35,186,6,2084.75,2018,7,2015-18
35,187,11,2096.24,2018,8,2015-18
35,188,6,2089.15,2018,9,2015-18
35,189,14,2095.29,2018,10,2015-18
35,190,8,2107.59,2018,11,2015-18
35,191,9,2096.18,2018,12,2015-18
45,0,7,914.82,2003,1,2003-06
45,1,10,919.65,2003,2,2003-06
45,2,15,910.85,2003,3,2003-06
45,3,5,911.19,2003,4,2003-06
45,4,21,919.39,2003,5,2003-06
45,5,15,927.21,2003,6,2003-06
45,6,17,973.5,2003,7,2003-06
45,7,12,966.86,2003,8,2003-06
45,8,18,972.73,2003,9,2003-06
45,9,12,976.72,2003,10,2003-06
45,10,9,982.41,2003,11,2003-06
45,11,20,980.2,2003,12,2003-06
45,12,6,973.43,2004,1,2003-06
45,13,8,971.65,2004,2,2003-06
45,14,9,974.58,2004,3,2003-06
45,15,12,969.03,2004,4,2003-06
45,16,11,965.41,2004,5,2003-06
45,17,19,969.39,2004,6,2003-06
45,18,13,1018.04,2004,7,2003-06
45,19,7,1014.69,2004,8,2003-06
45,20,11,1007.53,2004,9,2003-06
45,21,11,1008.42,2004,10,2003-06
45,22,10,1009.67,2004,11,2003-06
45,23,15,1010.32,2004,12,2003-06
45,24,12,1008.73,2005,1,2003-06
45,25,7,1005.1,2005,2,2003-06
45,26,15,1008.02,2005,3,2003-06
45,27,13,1007.39,2005,4,2003-06
45,28,7,1008.28,2005,5,2003-06
45,29,8,1010.13,2005,6,2003-06
45,30,9,1072.34,2005,7,2003-06
45,31,8,1070.5,2005,8,2003-06
45,32,10,1069,2005,9,2003-06
45,33,15,1069.65,2005,10,2003-06
45,34,7,1072.36,2005,11,2003-06
45,35,9,1072.33,2005,12,2003-06
45,36,6,1066.93,2006,1,2003-06
45,37,15,1067.89,2006,2,2003-06
45,38,10,1066.47,2006,3,2003-06
45,39,11,1069.08,2006,4,2003-06
45,40,17,1067.18,2006,5,2003-06
45,41,18,1066.52,2006,6,2003-06
45,42,11,1107.48,2006,7,2003-06
45,43,11,1112.57,2006,8,2003-06
45,44,15,1110.65,2006,9,2003-06
45,45,9,1107.22,2006,10,2003-06
45,46,8,1110.25,2006,11,2003-06
45,47,12,1108.2,2006,12,2003-06
45,48,9,1103.84,2007,1,2007-10
45,49,9,1103.89,2007,2,2007-10
45,50,8,1104.44,2007,3,2007-10
45,51,6,1100.94,2007,4,2007-10
45,52,11,1098.72,2007,5,2007-10
45,53,6,1100.34,2007,6,2007-10
45,54,8,1112.09,2007,7,2007-10
45,55,10,1113.48,2007,8,2007-10
45,56,13,1113.78,2007,9,2007-10
45,57,4,1119.12,2007,10,2007-10
45,58,6,1120.54,2007,11,2007-10
45,59,6,1114.35,2007,12,2007-10
45,60,13,1105.4,2008,1,2007-10
45,61,7,1102.35,2008,2,2007-10
45,62,4,1103.34,2008,3,2007-10
45,63,4,1104.17,2008,4,2007-10
45,64,5,1104.48,2008,5,2007-10
45,65,7,1113.96,2008,6,2007-10
45,66,11,1172.59,2008,7,2007-10
45,67,14,1176.64,2008,8,2007-10
45,68,11,1182.04,2008,9,2007-10
45,69,9,1178.47,2008,10,2007-10
45,70,8,1179.96,2008,11,2007-10
45,71,12,1176.04,2008,12,2007-10
45,72,10,1166.19,2009,1,2007-10
45,73,11,1166.99,2009,2,2007-10
45,74,7,1164.28,2009,3,2007-10
45,75,9,1159.58,2009,4,2007-10
45,76,13,1157.01,2009,5,2007-10
45,77,6,1154.05,2009,6,2007-10
45,78,12,1149.93,2009,7,2007-10
45,79,10,1157.14,2009,8,2007-10
45,80,7,1158.9,2009,9,2007-10
45,81,9,1163.64,2009,10,2007-10
45,82,8,1169.53,2009,11,2007-10
45,83,11,1175.02,2009,12,2007-10
45,84,4,1164.25,2010,1,2007-10
45,85,7,1156.24,2010,2,2007-10
45,86,10,1155.9,2010,3,2007-10
45,87,10,1152.99,2010,4,2007-10
45,88,7,1155.8,2010,5,2007-10
45,89,12,1150.31,2010,6,2007-10
45,90,13,1188.2,2010,7,2007-10
45,91,16,1192.93,2010,8,2007-10
45,92,7,1197.85,2010,9,2007-10
45,93,4,1196.2,2010,10,2007-10
45,94,5,1196.45,2010,11,2007-10
45,95,13,1196.73,2010,12,2007-10
45,96,6,1189.5,2011,1,2011-14
45,97,5,1184.79,2011,2,2011-14
45,98,8,1181.89,2011,3,2011-14
45,99,7,1183.74,2011,4,2011-14
45,100,14,1183.48,2011,5,2011-14
45,101,5,1182.6,2011,6,2011-14
45,102,13,1163.5,2011,7,2011-14
45,103,7,1166.17,2011,8,2011-14
45,104,6,1168.97,2011,9,2011-14
45,105,6,1168.29,2011,10,2011-14
45,106,9,1168.96,2011,11,2011-14
45,107,18,1167.91,2011,12,2011-14
45,108,5,1163.39,2012,1,2011-14
45,109,11,1159.94,2012,2,2011-14
45,110,7,1160.33,2012,3,2011-14
45,111,8,1160.93,2012,4,2011-14
45,112,12,1156.93,2012,5,2011-14
45,113,10,1160.78,2012,6,2011-14
45,114,10,1183.4,2012,7,2011-14
45,115,10,1185.97,2012,8,2011-14
45,116,10,1180.97,2012,9,2011-14
45,117,11,1173.07,2012,10,2011-14
45,118,6,1171.68,2012,11,2011-14
45,119,8,1172.41,2012,12,2011-14
45,120,11,1171.37,2013,1,2011-14
45,121,9,1168.43,2013,2,2011-14
45,122,7,1162.13,2013,3,2011-14
45,123,12,1164.55,2013,4,2011-14
45,124,13,1164.8,2013,5,2011-14
45,125,16,1161.02,2013,6,2011-14
45,126,8,1215.69,2013,7,2011-14
45,127,10,1218.56,2013,8,2011-14
45,128,8,1222.78,2013,9,2011-14
45,129,7,1223.26,2013,10,2011-14
45,130,8,1227.98,2013,11,2011-14
45,131,11,1226.21,2013,12,2011-14
45,132,11,1221.34,2014,1,2011-14
45,133,7,1223.47,2014,2,2011-14
45,134,16,1221.41,2014,3,2011-14
45,135,6,1220.12,2014,4,2011-14
45,136,5,1220.37,2014,5,2011-14
45,137,15,1216.56,2014,6,2011-14
45,138,8,1263.52,2014,7,2011-14
45,139,8,1261.78,2014,8,2011-14
45,140,8,1266.54,2014,9,2011-14
45,141,3,1265.07,2014,10,2011-14
45,142,3,1265.53,2014,11,2011-14
45,143,6,1259.91,2014,12,2011-14
45,144,13,1255.03,2015,1,2015-18
45,145,7,1252.38,2015,2,2015-18
45,146,11,1247.48,2015,3,2015-18
45,147,15,1247.11,2015,4,2015-18
45,148,12,1250.23,2015,5,2015-18
45,149,6,1251.12,2015,6,2015-18
45,150,8,1262.74,2015,7,2015-18
45,151,12,1262.59,2015,8,2015-18
45,152,10,1267.06,2015,9,2015-18
45,153,8,1273.53,2015,10,2015-18
45,154,7,1268.05,2015,11,2015-18
45,155,10,1260.31,2015,12,2015-18
45,156,9,1252.8,2016,1,2015-18
45,157,12,1251.75,2016,2,2015-18
45,158,14,1251.47,2016,3,2015-18
45,159,8,1249.08,2016,4,2015-18
45,160,13,1241.24,2016,5,2015-18
45,161,8,1241.46,2016,6,2015-18
45,162,7,1246.25,2016,7,2015-18
45,163,14,1253.07,2016,8,2015-18
45,164,7,1253.25,2016,9,2015-18
45,165,3,1248.19,2016,10,2015-18
45,166,6,1235.85,2016,11,2015-18
45,167,5,1240.95,2016,12,2015-18
45,168,8,1238.41,2017,1,2015-18
45,169,5,1244.25,2017,2,2015-18
45,170,9,1255.54,2017,3,2015-18
45,171,14,1258.36,2017,4,2015-18
45,172,14,1259.67,2017,5,2015-18
45,173,9,1266.95,2017,6,2015-18
45,174,8,1331.87,2017,7,2015-18
45,175,10,1328.78,2017,8,2015-18
45,176,7,1334.33,2017,9,2015-18
45,177,6,1342.58,2017,10,2015-18
45,178,8,1344.71,2017,11,2015-18
45,179,10,1339.86,2017,12,2015-18
45,180,11,1327.03,2018,1,2015-18
45,181,8,1329.7,2018,2,2015-18
45,182,10,1329.12,2018,3,2015-18
45,183,9,1331.52,2018,4,2015-18
45,184,7,1328.82,2018,5,2015-18
45,185,11,1328.87,2018,6,2015-18
45,186,4,1358.59,2018,7,2015-18
45,187,10,1360.74,2018,8,2015-18
45,188,5,1356.49,2018,9,2015-18
45,189,2,1360.37,2018,10,2015-18
45,190,6,1364.69,2018,11,2015-18
45,191,6,1352.88,2018,12,2015-18
55,0,10,608.37,2003,1,2003-06
55,1,10,608.21,2003,2,2003-06
55,2,18,602.07,2003,3,2003-06
55,3,15,602.34,2003,4,2003-06
55,4,15,606.51,2003,5,2003-06
55,5,24,609.3,2003,6,2003-06
55,6,10,655.13,2003,7,2003-06
55,7,22,652,2003,8,2003-06
55,8,13,657.09,2003,9,2003-06
55,9,13,661.45,2003,10,2003-06
55,10,8,663.82,2003,11,2003-06
55,11,8,662.32,2003,12,2003-06
55,12,17,659.3,2004,1,2003-06
55,13,15,658.13,2004,2,2003-06
55,14,9,657.26,2004,3,2003-06
55,15,9,653.3,2004,4,2003-06
55,16,14,652.4,2004,5,2003-06
55,17,16,653.97,2004,6,2003-06
55,18,14,681.31,2004,7,2003-06
55,19,19,677.86,2004,8,2003-06
55,20,17,672.33,2004,9,2003-06
55,21,13,673.14,2004,10,2003-06
55,22,12,675.99,2004,11,2003-06
55,23,18,676.24,2004,12,2003-06
55,24,6,673.64,2005,1,2003-06
55,25,17,670.9,2005,2,2003-06
55,26,15,671.63,2005,3,2003-06
55,27,11,672.12,2005,4,2003-06
55,28,8,671.77,2005,5,2003-06
55,29,6,673.38,2005,6,2003-06
55,30,11,699.31,2005,7,2003-06
55,31,7,698.14,2005,8,2003-06
55,32,11,698.85,2005,9,2003-06
55,33,12,700.83,2005,10,2003-06
55,34,12,702.07,2005,11,2003-06
55,35,9,701.83,2005,12,2003-06
55,36,4,699.33,2006,1,2003-06
55,37,20,700.21,2006,2,2003-06
55,38,8,700.42,2006,3,2003-06
55,39,11,700.52,2006,4,2003-06
55,40,6,699.88,2006,5,2003-06
55,41,11,703.26,2006,6,2003-06
55,42,12,722.98,2006,7,2003-06
55,43,9,725.85,2006,8,2003-06
55,44,5,724.53,2006,9,2003-06
55,45,13,722.49,2006,10,2003-06
55,46,18,723.57,2006,11,2003-06
55,47,12,723.3,2006,12,2003-06
55,48,12,721.65,2007,1,2007-10
55,49,10,720.34,2007,2,2007-10
55,50,16,719.46,2007,3,2007-10
55,51,13,716.92,2007,4,2007-10
55,52,11,715.66,2007,5,2007-10
55,53,12,713.54,2007,6,2007-10
55,54,6,750.77,2007,7,2007-10
55,55,19,752.95,2007,8,2007-10
55,56,11,752.75,2007,9,2007-10
55,57,8,752.92,2007,10,2007-10
55,58,14,752.09,2007,11,2007-10
55,59,17,747.43,2007,12,2007-10
55,60,9,742.51,2008,1,2007-10
55,61,9,742.6,2008,2,2007-10
55,62,18,743.14,2008,3,2007-10
55,63,17,742.25,2008,4,2007-10
55,64,11,740.87,2008,5,2007-10
55,65,15,743.29,2008,6,2007-10
55,66,12,772.25,2008,7,2007-10
55,67,14,774.86,2008,8,2007-10
55,68,13,773.86,2008,9,2007-10
55,69,13,770.48,2008,10,2007-10
55,70,16,771.78,2008,11,2007-10
55,71,16,770.02,2008,12,2007-10
55,72,11,764.11,2009,1,2007-10
55,73,14,763.35,2009,2,2007-10
55,74,11,761.68,2009,3,2007-10
55,75,15,760.16,2009,4,2007-10
55,76,11,760.29,2009,5,2007-10
55,77,12,762.22,2009,6,2007-10
55,78,8,805.99,2009,7,2007-10
55,79,15,807.49,2009,8,2007-10
55,80,11,808.28,2009,9,2007-10
55,81,17,810.74,2009,10,2007-10
55,82,15,814.29,2009,11,2007-10
55,83,8,816.15,2009,12,2007-10
55,84,10,810.56,2010,1,2007-10
55,85,19,805.39,2010,2,2007-10
55,86,20,804.73,2010,3,2007-10
55,87,9,804.78,2010,4,2007-10
55,88,13,804.96,2010,5,2007-10
55,89,10,802.8,2010,6,2007-10
55,90,11,810.57,2010,7,2007-10
55,91,19,813.45,2010,8,2007-10
55,92,17,814.97,2010,9,2007-10
55,93,13,814.27,2010,10,2007-10
55,94,11,814.57,2010,11,2007-10
55,95,8,815.16,2010,12,2007-10
55,96,15,811.82,2011,1,2011-14
55,97,13,807.76,2011,2,2011-14
55,98,15,804.25,2011,3,2011-14
55,99,9,804.25,2011,4,2011-14
55,100,12,802.75,2011,5,2011-14
55,101,11,801.85,2011,6,2011-14
55,102,7,851.88,2011,7,2011-14
55,103,12,853.78,2011,8,2011-14
55,104,7,853.92,2011,9,2011-14
55,105,12,853.77,2011,10,2011-14
55,106,15,853.63,2011,11,2011-14
55,107,12,851.75,2011,12,2011-14
55,108,20,847.48,2012,1,2011-14
55,109,19,844.76,2012,2,2011-14
55,110,13,844.55,2012,3,2011-14
55,111,16,844.57,2012,4,2011-14
55,112,10,842,2012,5,2011-14
55,113,18,843.18,2012,6,2011-14
55,114,5,887.04,2012,7,2011-14
55,115,12,887.65,2012,8,2011-14
55,116,17,884.89,2012,9,2011-14
55,117,13,878.31,2012,10,2011-14
55,118,12,876.61,2012,11,2011-14
55,119,16,877.34,2012,12,2011-14
55,120,7,879.08,2013,1,2011-14
55,121,19,877.93,2013,2,2011-14
55,122,15,872.65,2013,3,2011-14
55,123,14,873.91,2013,4,2011-14
55,124,14,873.81,2013,5,2011-14
55,125,21,874.16,2013,6,2011-14
55,126,19,914.2,2013,7,2011-14
55,127,18,912.1,2013,8,2011-14
55,128,13,912.78,2013,9,2011-14
55,129,19,913.36,2013,10,2011-14
55,130,13,915.11,2013,11,2011-14
55,131,14,912.46,2013,12,2011-14
55,132,9,908.2,2014,1,2011-14
55,133,17,909.24,2014,2,2011-14
55,134,16,908.69,2014,3,2011-14
55,135,17,910.18,2014,4,2011-14
55,136,10,910.37,2014,5,2011-14
55,137,16,908.56,2014,6,2011-14
55,138,13,955.71,2014,7,2011-14
55,139,16,954.46,2014,8,2011-14
55,140,10,953.82,2014,9,2011-14
55,141,13,954.13,2014,10,2011-14
55,142,13,955.86,2014,11,2011-14
55,143,18,954.08,2014,12,2011-14
55,144,9,952.8,2015,1,2015-18
55,145,15,950.15,2015,2,2015-18
55,146,14,947.83,2015,3,2015-18
55,147,6,948.99,2015,4,2015-18
55,148,9,950.03,2015,5,2015-18
55,149,13,947.44,2015,6,2015-18
55,150,14,1007.37,2015,7,2015-18
55,151,18,1009.75,2015,8,2015-18
55,152,12,1012.57,2015,9,2015-18
55,153,10,1014.64,2015,10,2015-18
55,154,13,1010.71,2015,11,2015-18
55,155,16,1005.18,2015,12,2015-18
55,156,16,1002.36,2016,1,2015-18
55,157,11,1001.77,2016,2,2015-18
55,158,10,1001.61,2016,3,2015-18
55,159,13,997.58,2016,4,2015-18
55,160,15,992.47,2016,5,2015-18
55,161,14,993.15,2016,6,2015-18
55,162,20,1034.1,2016,7,2015-18
55,163,11,1034.89,2016,8,2015-18
55,164,10,1034.86,2016,9,2015-18
55,165,16,1027.98,2016,10,2015-18
55,166,9,1019.16,2016,11,2015-18
55,167,11,1018.33,2016,12,2015-18
55,168,16,1015.96,2017,1,2015-18
55,169,15,1020.26,2017,2,2015-18
55,170,16,1027.72,2017,3,2015-18
55,171,12,1029.28,2017,4,2015-18
55,172,12,1029.44,2017,5,2015-18
55,173,12,1033.38,2017,6,2015-18
55,174,10,1048.8,2017,7,2015-18
55,175,13,1045.37,2017,8,2015-18
55,176,5,1050.33,2017,9,2015-18
55,177,14,1053.81,2017,10,2015-18
55,178,9,1056.14,2017,11,2015-18
55,179,11,1055.16,2017,12,2015-18
55,180,10,1050.45,2018,1,2015-18
55,181,13,1054.54,2018,2,2015-18
55,182,12,1053.9,2018,3,2015-18
55,183,11,1053.14,2018,4,2015-18
55,184,17,1052.57,2018,5,2015-18
55,185,15,1056.42,2018,6,2015-18
55,186,15,1107.54,2018,7,2015-18
55,187,17,1106.45,2018,8,2015-18
55,188,14,1103.7,2018,9,2015-18
55,189,13,1106.64,2018,10,2015-18
55,190,11,1109.08,2018,11,2015-18
55,191,17,1097.98,2018,12,2015-18
65,0,14,334.8,2003,1,2003-06
65,1,11,333.43,2003,2,2003-06
65,2,8,330.61,2003,3,2003-06
65,3,16,328.74,2003,4,2003-06
65,4,19,328.75,2003,5,2003-06
65,5,23,329.15,2003,6,2003-06
65,6,14,345.6,2003,7,2003-06
65,7,11,342.88,2003,8,2003-06
65,8,15,344.32,2003,9,2003-06
65,9,18,344.04,2003,10,2003-06
65,10,14,343.74,2003,11,2003-06
65,11,14,342.94,2003,12,2003-06
65,12,18,341.57,2004,1,2003-06
65,13,3,341.15,2004,2,2003-06
65,14,10,340.87,2004,3,2003-06
65,15,5,338.79,2004,4,2003-06
65,16,12,338.52,2004,5,2003-06
65,17,15,339.97,2004,6,2003-06
65,18,16,365.88,2004,7,2003-06
65,19,17,363.99,2004,8,2003-06
65,20,17,361.53,2004,9,2003-06
65,21,15,361.92,2004,10,2003-06
65,22,28,361.78,2004,11,2003-06
65,23,12,360.76,2004,12,2003-06
65,24,14,358.16,2005,1,2003-06
65,25,12,356.13,2005,2,2003-06
65,26,11,357.07,2005,3,2003-06
65,27,18,357.12,2005,4,2003-06
65,28,15,355.44,2005,5,2003-06
65,29,11,352.58,2005,6,2003-06
65,30,12,393.37,2005,7,2003-06
65,31,19,392.03,2005,8,2003-06
65,32,20,390.96,2005,9,2003-06
65,33,7,390.76,2005,10,2003-06
65,34,11,390.26,2005,11,2003-06
65,35,11,388.37,2005,12,2003-06
65,36,8,387.41,2006,1,2003-06
65,37,20,388.45,2006,2,2003-06
65,38,12,388,2006,3,2003-06
65,39,14,386.39,2006,4,2003-06
65,40,20,384.62,2006,5,2003-06
65,41,9,384.31,2006,6,2003-06
65,42,12,397.65,2006,7,2003-06
65,43,17,398.27,2006,8,2003-06
65,44,9,396.57,2006,9,2003-06
65,45,14,395.65,2006,10,2003-06
65,46,9,396.57,2006,11,2003-06
65,47,10,395.52,2006,12,2003-06
65,48,9,393.9,2007,1,2007-10
65,49,9,392.36,2007,2,2007-10
65,50,11,391.94,2007,3,2007-10
65,51,9,390.71,2007,4,2007-10
65,52,14,389.53,2007,5,2007-10
65,53,11,388.77,2007,6,2007-10
65,54,15,415.57,2007,7,2007-10
65,55,14,414.21,2007,8,2007-10
65,56,12,414.27,2007,9,2007-10
65,57,13,414.68,2007,10,2007-10
65,58,14,413.77,2007,11,2007-10
65,59,11,411.62,2007,12,2007-10
65,60,12,408.6,2008,1,2007-10
65,61,13,407.08,2008,2,2007-10
65,62,19,404.86,2008,3,2007-10
65,63,12,402.36,2008,4,2007-10
65,64,12,401.21,2008,5,2007-10
65,65,20,402.81,2008,6,2007-10
65,66,11,431.33,2008,7,2007-10
65,67,15,430.62,2008,8,2007-10
65,68,17,428.53,2008,9,2007-10
65,69,18,427.18,2008,10,2007-10
65,70,16,427.04,2008,11,2007-10
65,71,20,426.1,2008,12,2007-10
65,72,11,422.42,2009,1,2007-10
65,73,9,420.66,2009,2,2007-10
65,74,11,418.81,2009,3,2007-10
65,75,8,419.78,2009,4,2007-10
65,76,13,419.47,2009,5,2007-10
65,77,27,417.96,2009,6,2007-10
65,78,21,442.04,2009,7,2007-10
65,79,22,440.77,2009,8,2007-10
65,80,25,440.31,2009,9,2007-10
65,81,19,440.23,2009,10,2007-10
65,82,16,439.69,2009,11,2007-10
65,83,19,437.74,2009,12,2007-10
65,84,12,433.89,2010,1,2007-10
65,85,11,431.93,2010,2,2007-10
65,86,10,431.9,2010,3,2007-10
65,87,15,431.34,2010,4,2007-10
65,88,16,430.27,2010,5,2007-10
65,89,25,426.93,2010,6,2007-10
65,90,19,484.3,2010,7,2007-10
65,91,22,485.46,2010,8,2007-10
65,92,16,484.72,2010,9,2007-10
65,93,16,483,2010,10,2007-10
65,94,17,482.1,2010,11,2007-10
65,95,15,480.69,2010,12,2007-10
65,96,15,477.79,2011,1,2011-14
65,97,9,474.52,2011,2,2011-14
65,98,17,472.52,2011,3,2011-14
65,99,11,471.36,2011,4,2011-14
65,100,13,468.98,2011,5,2011-14
65,101,19,469.13,2011,6,2011-14
65,102,19,501.07,2011,7,2011-14
65,103,15,500.39,2011,8,2011-14
65,104,15,498.23,2011,9,2011-14
65,105,24,496.59,2011,10,2011-14
65,106,19,495.27,2011,11,2011-14
65,107,17,493.58,2011,12,2011-14
65,108,19,492.09,2012,1,2011-14
65,109,17,490.45,2012,2,2011-14
65,110,10,489.73,2012,3,2011-14
65,111,17,487.89,2012,4,2011-14
65,112,22,485.41,2012,5,2011-14
65,113,26,485.8,2012,6,2011-14
65,114,23,510.44,2012,7,2011-14
65,115,26,508.36,2012,8,2011-14
65,116,18,504.16,2012,9,2011-14
65,117,15,499.88,2012,10,2011-14
65,118,23,497.18,2012,11,2011-14
65,119,17,496.65,2012,12,2011-14
65,120,12,496.19,2013,1,2011-14
65,121,12,495.52,2013,2,2011-14
65,122,21,493.04,2013,3,2011-14
65,123,16,492.06,2013,4,2011-14
65,124,18,491.09,2013,5,2011-14
65,125,12,490.34,2013,6,2011-14
65,126,15,533.34,2013,7,2011-14
65,127,17,531.86,2013,8,2011-14
65,128,17,531.45,2013,9,2011-14
65,129,25,530.44,2013,10,2011-14
65,130,19,529.29,2013,11,2011-14
65,131,11,527.11,2013,12,2011-14
65,132,13,524.97,2014,1,2011-14
65,133,19,523.1,2014,2,2011-14
65,134,18,521.67,2014,3,2011-14
65,135,23,520.87,2014,4,2011-14
65,136,21,519.69,2014,5,2011-14
65,137,23,516.42,2014,6,2011-14
65,138,21,548.35,2014,7,2011-14
65,139,18,546.93,2014,8,2011-14
65,140,11,546.15,2014,9,2011-14
65,141,19,544.27,2014,10,2011-14
65,142,10,544.58,2014,11,2011-14
65,143,14,543.66,2014,12,2011-14
65,144,15,542.73,2015,1,2015-18
65,145,11,540.1,2015,2,2015-18
65,146,26,537.15,2015,3,2015-18
65,147,21,535.63,2015,4,2015-18
65,148,9,534.79,2015,5,2015-18
65,149,16,534.21,2015,6,2015-18
65,150,14,573.07,2015,7,2015-18
65,151,28,572.52,2015,8,2015-18
65,152,19,572.34,2015,9,2015-18
65,153,19,571.76,2015,10,2015-18
65,154,26,568.54,2015,11,2015-18
65,155,22,565.69,2015,12,2015-18
65,156,14,563.44,2016,1,2015-18
65,157,18,562.58,2016,2,2015-18
65,158,13,560.84,2016,3,2015-18
65,159,12,558.65,2016,4,2015-18
65,160,12,556.92,2016,5,2015-18
65,161,18,557.39,2016,6,2015-18
65,162,19,574.55,2016,7,2015-18
65,163,23,572.71,2016,8,2015-18
65,164,15,570.56,2016,9,2015-18
65,165,13,566.74,2016,10,2015-18
65,166,20,559.36,2016,11,2015-18
65,167,16,556.66,2016,12,2015-18
65,168,17,555.92,2017,1,2015-18
65,169,15,558.8,2017,2,2015-18
65,170,24,562.27,2017,3,2015-18
65,171,22,562.82,2017,4,2015-18
65,172,18,562.56,2017,5,2015-18
65,173,28,563.48,2017,6,2015-18
65,174,8,614.9,2017,7,2015-18
65,175,19,613.72,2017,8,2015-18
65,176,23,615.08,2017,9,2015-18
65,177,18,616.79,2017,10,2015-18
65,178,22,615.63,2017,11,2015-18
65,179,7,613.05,2017,12,2015-18
65,180,15,611.19,2018,1,2015-18
65,181,11,612.85,2018,2,2015-18
65,182,16,610.51,2018,3,2015-18
65,183,17,607.92,2018,4,2015-18
65,184,16,605.86,2018,5,2015-18
65,185,17,605.67,2018,6,2015-18
65,186,9,636.37,2018,7,2015-18
65,187,20,634.41,2018,8,2015-18
65,188,17,631.75,2018,9,2015-18
65,189,19,631.61,2018,10,2015-18
65,190,25,630.73,2018,11,2015-18
65,191,13,621.82,2018,12,2015-18
75,0,9,138.56,2003,1,2003-06
75,1,11,137.31,2003,2,2003-06
75,2,6,136.04,2003,3,2003-06
75,3,6,136.04,2003,4,2003-06
75,4,13,136.23,2003,5,2003-06
75,5,16,135.72,2003,6,2003-06
75,6,18,157.08,2003,7,2003-06
75,7,14,155.37,2003,8,2003-06
75,8,12,154.78,2003,9,2003-06
75,9,18,154,2003,10,2003-06
75,10,9,153.01,2003,11,2003-06
75,11,6,152.03,2003,12,2003-06
75,12,9,151.29,2004,1,2003-06
75,13,8,150.71,2004,2,2003-06
75,14,12,149.81,2004,3,2003-06
75,15,17,147.85,2004,4,2003-06
75,16,12,146.77,2004,5,2003-06
75,17,25,146.25,2004,6,2003-06
75,18,11,160.91,2004,7,2003-06
75,19,10,159.57,2004,8,2003-06
75,20,15,158.65,2004,9,2003-06
75,21,17,158.07,2004,10,2003-06
75,22,9,158.21,2004,11,2003-06
75,23,5,157.91,2004,12,2003-06
75,24,13,156.56,2005,1,2003-06
75,25,18,154.99,2005,2,2003-06
75,26,10,154.74,2005,3,2003-06
75,27,16,154.65,2005,4,2003-06
75,28,11,153.97,2005,5,2003-06
75,29,13,154.36,2005,6,2003-06
75,30,14,223.47,2005,7,2003-06
75,31,21,221.72,2005,8,2003-06
75,32,15,220.51,2005,9,2003-06
75,33,12,220.32,2005,10,2003-06
75,34,16,219.57,2005,11,2003-06
75,35,14,217.88,2005,12,2003-06
75,36,13,216.44,2006,1,2003-06
75,37,14,216.08,2006,2,2003-06
75,38,16,215.37,2006,3,2003-06
75,39,23,213.43,2006,4,2003-06
75,40,12,211.77,2006,5,2003-06
75,41,17,211.6,2006,6,2003-06
75,42,16,223.25,2006,7,2003-06
75,43,14,222.55,2006,8,2003-06
75,44,17,220.28,2006,9,2003-06
75,45,14,218.59,2006,10,2003-06
75,46,7,218.43,2006,11,2003-06
75,47,23,216.89,2006,12,2003-06
75,48,16,214.7,2007,1,2007-10
75,49,13,213.95,2007,2,2007-10
75,50,18,212.87,2007,3,2007-10
75,51,18,210.97,2007,4,2007-10
75,52,10,208.92,2007,5,2007-10
75,53,11,207.76,2007,6,2007-10
75,54,25,237.56,2007,7,2007-10
75,55,24,235.79,2007,8,2007-10
75,56,20,234.12,2007,9,2007-10
75,57,20,232.59,2007,10,2007-10
75,58,11,230.6,2007,11,2007-10
75,59,11,228.77,2007,12,2007-10
75,60,16,226.55,2008,1,2007-10
75,61,17,224.54,2008,2,2007-10
75,62,16,222.61,2008,3,2007-10
75,63,13,220.83,2008,4,2007-10
75,64,24,218.94,2008,5,2007-10
75,65,18,219.33,2008,6,2007-10
75,66,23,232.69,2008,7,2007-10
75,67,26,230.87,2008,8,2007-10
75,68,16,228.86,2008,9,2007-10
75,69,18,226.89,2008,10,2007-10
75,70,14,226.35,2008,11,2007-10
75,71,20,224.73,2008,12,2007-10
75,72,18,221.47,2009,1,2007-10
75,73,8,220.22,2009,2,2007-10
75,74,11,219.34,2009,3,2007-10
75,75,17,217.91,2009,4,2007-10
75,76,18,216.89,2009,5,2007-10
75,77,19,216.65,2009,6,2007-10
75,78,29,243.96,2009,7,2007-10
75,79,24,241.64,2009,8,2007-10
75,80,17,240.47,2009,9,2007-10
75,81,24,239.96,2009,10,2007-10
75,82,17,239.16,2009,11,2007-10
75,83,16,237.64,2009,12,2007-10
75,84,11,235.37,2010,1,2007-10
75,85,18,233.51,2010,2,2007-10
75,86,18,232.22,2010,3,2007-10
75,87,22,230.61,2010,4,2007-10
75,88,19,228.6,2010,5,2007-10
75,89,32,226.78,2010,6,2007-10
75,90,27,256.1,2010,7,2007-10
75,91,31,254.57,2010,8,2007-10
75,92,20,252.68,2010,9,2007-10
75,93,20,251.1,2010,10,2007-10
75,94,13,250.67,2010,11,2007-10
75,95,14,249.5,2010,12,2007-10
75,96,14,246.92,2011,1,2011-14
75,97,14,245.25,2011,2,2011-14
75,98,25,243.35,2011,3,2011-14
75,99,20,241.64,2011,4,2011-14
75,100,16,240.22,2011,5,2011-14
75,101,20,238.94,2011,6,2011-14
75,102,22,263.49,2011,7,2011-14
75,103,29,262.02,2011,8,2011-14
75,104,17,260.19,2011,9,2011-14
75,105,16,259.06,2011,10,2011-14
75,106,24,257.2,2011,11,2011-14
75,107,20,255.46,2011,12,2011-14
75,108,11,252.84,2012,1,2011-14
75,109,22,251.26,2012,2,2011-14
75,110,17,249.99,2012,3,2011-14
75,111,17,248.72,2012,4,2011-14
75,112,35,246.82,2012,5,2011-14
75,113,14,245.43,2012,6,2011-14
75,114,20,262.92,2012,7,2011-14
75,115,28,260.74,2012,8,2011-14
75,116,25,257.77,2012,9,2011-14
75,117,13,254.33,2012,10,2011-14
75,118,16,252.59,2012,11,2011-14
75,119,19,251.53,2012,12,2011-14
75,120,14,250.8,2013,1,2011-14
75,121,16,250.51,2013,2,2011-14
75,122,17,248.86,2013,3,2011-14
75,123,22,247.3,2013,4,2011-14
75,124,16,245.68,2013,5,2011-14
75,125,22,245.54,2013,6,2011-14
75,126,18,274.17,2013,7,2011-14
75,127,22,271.64,2013,8,2011-14
75,128,20,270.01,2013,9,2011-14
75,129,17,268.55,2013,10,2011-14
75,130,18,268.44,2013,11,2011-14
75,131,21,266.77,2013,12,2011-14
75,132,12,263.81,2014,1,2011-14
75,133,19,263.01,2014,2,2011-14
75,134,24,261.2,2014,3,2011-14
75,135,19,259.64,2014,4,2011-14
75,136,14,258.81,2014,5,2011-14
75,137,18,257.45,2014,6,2011-14
75,138,19,285.29,2014,7,2011-14
75,139,22,283.5,2014,8,2011-14
75,140,17,282.11,2014,9,2011-14
75,141,15,280.49,2014,10,2011-14
75,142,18,278.87,2014,11,2011-14
75,143,18,277.16,2014,12,2011-14
75,144,12,275.37,2015,1,2015-18
75,145,20,273.89,2015,2,2015-18
75,146,22,272.2,2015,3,2015-18
75,147,12,271.57,2015,4,2015-18
75,148,24,270.22,2015,5,2015-18
75,149,15,267.97,2015,6,2015-18
75,150,27,347.42,2015,7,2015-18
75,151,32,346.6,2015,8,2015-18
75,152,17,345.66,2015,9,2015-18
75,153,24,344.27,2015,10,2015-18
75,154,23,341.66,2015,11,2015-18
75,155,29,338.44,2015,12,2015-18
75,156,23,335.09,2016,1,2015-18
75,157,23,334.01,2016,2,2015-18
75,158,24,331.28,2016,3,2015-18
75,159,32,327.3,2016,4,2015-18
75,160,20,325.84,2016,5,2015-18
75,161,26,325.01,2016,6,2015-18
75,162,25,341.44,2016,7,2015-18
75,163,32,338.13,2016,8,2015-18
75,164,22,334.81,2016,9,2015-18
75,165,23,330.99,2016,10,2015-18
75,166,20,325.64,2016,11,2015-18
75,167,22,323.86,2016,12,2015-18
75,168,22,322.75,2017,1,2015-18
75,169,24,322.89,2017,2,2015-18
75,170,30,323.44,2017,3,2015-18
75,171,24,322.44,2017,4,2015-18
75,172,37,320.48,2017,5,2015-18
75,173,26,318.63,2017,6,2015-18
75,174,35,354.49,2017,7,2015-18
75,175,35,351.37,2017,8,2015-18
75,176,29,351.03,2017,9,2015-18
75,177,27,350.19,2017,10,2015-18
75,178,30,347.33,2017,11,2015-18
75,179,37,342.91,2017,12,2015-18
75,180,23,339.53,2018,1,2015-18
75,181,21,339.87,2018,2,2015-18
75,182,16,338.99,2018,3,2015-18
75,183,29,336.71,2018,4,2015-18
75,184,22,333.91,2018,5,2015-18
75,185,22,334.06,2018,6,2015-18
75,186,33,361.96,2018,7,2015-18
75,187,37,359,2018,8,2015-18
75,188,24,355.16,2018,9,2015-18
75,189,26,353.46,2018,10,2015-18
75,190,26,352.43,2018,11,2015-18
75,191,16,346.93,2018,12,2015-18
